#{"t_start": 1774263484.4108715, "env_id": "None"}
r,l,t
-211.655034,1470,36.746041
226.549065,1470,66.299581
105.611022,1470,96.049956
-88.300395,1470,125.997769
-47.832642,1470,155.612355
258.073634,1470,187.401557
-36.468314,1470,272.414091
-18.949206,1470,306.019966
-87.387257,1110,330.014511
-207.251449,1470,361.797164
329.520182,1470,393.565541
-81.989848,1470,423.664579
-72.809254,1095,446.208642
-17.466826,1110,472.676351
-20.726724,1470,576.719318
-207.648457,1470,608.382789
315.010936,1170,634.459529
-182.681229,1470,667.283748
-21.382235,1470,699.716691
27.732172,1470,730.015044
259.413612,1470,762.977993
-16.243983,1470,857.341207
-17.965371,1470,887.891044
594.765652,1470,918.714334
315.121276,735,935.462068
458.876137,1470,967.058542
-99.483015,1470,996.711286
-339.884634,1470,1025.351441
-18.203715,1095,1103.135042
516.204345,1470,1138.072067
-17.062386,1095,1161.783818
-168.653364,1470,1195.094751
509.218801,1470,1227.033444
140.210973,1470,1256.475529
50.102713,1470,1289.727384
-202.215619,1470,1382.640829
31.841539,1470,1413.206279
92.387114,1470,1444.945709
-130.476191,1470,1474.983916
-78.355798,1470,1504.238283
-47.628267,1470,1534.811172
313.370091,1470,1566.868244
1305.222677,1470,1656.983195
319.172767,1095,1679.305227
298.631782,1470,1711.944284
183.0788,1470,1743.797444
-60.316738,1110,1768.208819
-40.94822,1470,1798.903539
-21.604112,1110,1824.717781
379.180041,1469,1857.019655
183.362729,1470,1946.47526
267.171102,1110,1969.053575
-54.771326,1470,2003.155107
-10.726497,1470,2033.770379
-22.014614,1463,2066.228781
88.225773,1470,2098.22912
-31.536522,1470,2128.777998
-19.169593,1470,2221.155412
-17.396619,1470,2250.548411
235.919253,1095,2274.356128
343.852618,1470,2306.193249
184.562647,1470,2335.685019
298.888707,1470,2365.53941
-64.637948,1110,2389.848876
-9.498844,1095,2472.327706
613.199512,1470,2505.131795
-8.773693,1110,2524.045726
-309.561568,1470,2548.1596
89.681366,1095,2566.413105
390.180428,1470,2590.83536
-10.909295,1110,2609.754156
-17.599448,1470,2633.994834
-11.031432,1470,2709.479197
-5.824255,1470,2734.148271
-14.451218,1463,2758.959778
-129.925118,1470,2783.444586
55.455713,1470,2807.962863
36.705319,1470,2832.49746
-323.628047,1470,2857.403785
219.627252,1470,2928.92418
-45.261102,1470,2953.751116
223.421389,1470,2978.098621
70.254475,1095,2996.145848
-295.227689,1470,3020.547291
-97.454947,1095,3039.024351
-13.109765,1530,3064.187232
-19.283307,1470,3138.512597
-177.377815,1470,3162.705988
-25.816768,1470,3187.156968
352.00824,1095,3205.976981
-11.103409,1470,3230.036139
-25.625951,1470,3254.127497
33.658274,1470,3278.603213
-112.167147,1470,3353.10133
-10.982757,1110,3372.121148
167.031491,1095,3390.254725
1454.186688,1470,3415.029631
226.557471,1470,3439.525461
-9.115778,1110,3458.147095
900.781935,1470,3483.055124
194.030668,1470,3507.240072
-12.197943,1470,3576.875952
-25.69678,1470,3601.486946
-296.151118,1470,3625.845217
249.737092,1470,3650.011061
-20.443764,1470,3674.23326
251.367175,1470,3698.901115
-45.966827,1470,3770.524665
846.495577,1470,3795.269734
170.155064,1110,3814.327058
-21.206786,1470,3839.263043
-11.156192,1470,3864.033353
244.515125,1470,3888.905083
-24.129876,1470,3913.009679
289.433176,1470,3937.327903
188.538314,1470,4006.762482
-13.917674,1470,4031.351756
-22.428635,1470,4056.018343
106.981805,1470,4080.574732
346.945167,1095,4099.340595
153.585666,1470,4123.495069
-26.080134,1110,4142.3988
1265.357833,1470,4216.797367
-25.576206,1470,4241.190784
231.796812,1470,4265.835184
-13.192103,1470,4290.167837
59.809567,1470,4314.732057
331.375573,1470,4339.291888
130.633492,1470,4363.864039
713.833264,1470,4433.708851
374.584084,1470,4458.118811
-15.249528,1467,4482.123584
321.461432,1470,4506.274575
-10.764909,1470,4530.569373
-11.264909,1470,4554.915385
-10.695918,1470,4629.830658
-10.889863,1470,4654.400794
-8.06945,1470,4678.686873
27.5818,1470,4702.867445
-9.26123,1470,4727.718776
-26.085995,1470,4752.329368
-17.356103,1470,4777.003275
410.865659,780,4789.978574
-10.797615,1530,4862.812322
380.140751,1470,4887.024516
522.88582,1470,4911.342314
161.347006,1470,4936.149657
-12.452524,1470,4960.685518
-22.986741,1470,4985.034076
427.347853,1470,5060.56125
-13.176161,1110,5079.363313
277.745645,1470,5103.861429
-9.151422,1470,5128.777207
305.012617,1095,5147.495916
-26.813112,1470,5171.823635
234.147928,1110,5190.008897
-10.983683,1470,5214.460505
92.207049,1845,5292.584708
-9.87983,1470,5316.899412
506.857229,1469,5341.373615
170.868282,1470,5365.845635
348.820198,1470,5389.960833
-31.508168,1470,5414.049449
33.908609,1469,5438.553739
83.463791,1470,5512.684802
-12.109765,1530,5537.946318
-11.547881,1470,5562.801217
-13.026815,1470,5586.828661
-10.858749,1470,5610.872884
694.812405,1095,5628.935391
333.545457,1470,5653.546941
165.815082,1095,5716.057259
395.158281,1095,5734.488422
-9.48631,1470,5758.935488
-22.033756,1470,5782.88872
-24.888379,1470,5807.36292
-22.734115,1470,5831.582837
-12.997794,1470,5856.196426
149.726546,1470,5924.835028
338.748941,1470,5949.339674
854.103075,1470,5973.886616
212.84035,1110,5992.530313
316.570547,1470,6016.716837
438.419069,1470,6041.334869
258.159598,1470,6066.029498
169.683091,1095,6130.516003
71.703927,1095,6148.250539
-18.838944,1470,6172.690354
-28.797331,1470,6197.238868
122.764454,1095,6216.114784
1321.799845,1470,6240.537225
125.927618,1470,6264.964829
316.51548,1095,6283.543348
-11.343324,1470,6352.435199
-12.242476,1470,6376.578617
569.483919,1470,6400.633221
-16.688226,1470,6425.113067
-11.101555,1470,6449.194155
-12.350907,1470,6473.350324
332.70656,1469,6498.04169
1260.391064,1470,6572.71222
1142.926136,1470,6597.008139
88.105282,1470,6621.390172
-14.603356,1470,6645.668501
-27.326026,1470,6670.508974
-9.438657,1470,6696.338657
363.283382,1470,6771.30614
834.415759,1470,6795.946784
462.462449,1470,6820.965052
296.681265,1470,6845.736469
-19.346553,1470,6870.40705
-9.508665,1470,6894.767037
-10.063929,1110,6913.285602
-15.109123,1470,6982.728192
-31.180764,1470,7007.211722
-11.467443,1469,7031.590209
-8.843028,1470,7055.900838
551.57795,1470,7080.465496
422.831331,1469,7105.204858
-13.254799,1470,7129.791706
383.032053,1095,7198.433111
170.390566,1470,7222.99316
