dataset,episode,date,day_of_week,day_name,month,year,pnl,return_pct,max_drawdown,peak_pnl,trades,investment,total_reward,position_type,final_margin,spot_open,spot_close,spot_return_pct,vix,trend_regime,vol_regime,market_event,total_steps,hold_pct,enter_long_count,enter_short_count,exit_count,add_ce_count,add_pe_count,reduce_ce_count,reduce_pe_count
train,1,2020-01-01,2,Wed,1,2020,405510.37,429.51,30680.68,405517.8,581,94412.33,13.2648,SHORT/LONG,0.0,12202.15,11988.1,-1.7542,,BEARISH,UNKNOWN,,1500,62.53,6,4,9,256,50,214,23
train,2,2020-01-08,2,Wed,1,2020,503418.9,173.8335,775575.33,1278550.64,2202,289598.28,-303.6802,SHORT/LONG,0.0,11939.1,12329.6,3.2708,,BULLISH,UNKNOWN,,1500,14.2,449,9,457,131,180,1,60
train,3,2020-01-15,2,Wed,1,2020,265237.36,283.8286,20673.24,272000.22,1099,93449.82,10.2915,SHORT/LONG,0.0,12349.4,12230.75,-0.9608,,BEARISH,UNKNOWN,,1500,27.2,2,2,3,521,39,504,21
train,4,2020-01-22,2,Wed,1,2020,296006.47,212.7019,52067.62,298830.17,489,139164.92,0.1255,SHORT/LONG,0.0,12218.35,12109.9,-0.8876,,BEARISH,UNKNOWN,,1500,72.27,34,3,36,125,83,86,49
train,5,2020-01-29,2,Wed,1,2020,224429.86,118.329,246171.63,470601.5,1238,189665.94,-108.7538,SHORT/LONG,0.0,12114.9,11724.6,-3.2217,,BEARISH,UNKNOWN,,1875,57.07,185,32,216,160,168,38,6
train,6,2020-02-05,2,Wed,2,2020,373107.15,220.8536,37243.16,404782.89,303,168938.64,10.4766,SHORT/LONG,0.0,12005.85,12035.3,0.2453,,SIDEWAYS,UNKNOWN,,1500,80.8,5,3,7,101,62,71,39
train,7,2020-02-12,2,Wed,2,2020,239132.65,221.2653,52574.66,247835.6,627,108075.08,4.9903,SHORT/LONG,0.0,12151.0,12050.15,-0.83,,BEARISH,UNKNOWN,,1499,61.44,21,4,24,195,106,158,70
train,8,2020-02-19,2,Wed,2,2020,557286.93,272.1505,37094.48,572790.65,338,204771.63,19.6855,SHORT/LONG,0.0,12090.6,11835.85,-2.107,,BEARISH,UNKNOWN,,1125,71.29,5,3,7,106,78,80,44
train,9,2020-02-26,2,Wed,2,2020,568184.64,232.6913,42190.86,576688.81,425,244179.59,22.396,SHORT/LONG,0.0,11738.55,11149.2,-5.0206,,BEARISH,UNKNOWN,,1500,72.67,4,4,7,139,91,100,65
train,10,2020-03-04,2,Wed,3,2020,150744.95,28.5854,253738.66,404464.34,1122,527350.14,-96.115,SHORT/LONG,0.0,11351.35,10457.6,-7.8735,,BEARISH,UNKNOWN,,1499,57.04,94,145,239,48,83,4,31
train,11,2020-03-11,2,Wed,3,2020,-1388607.64,-328.275,2127573.3,738965.66,80,423001.34,-1017.0804,SHORT/LONG,0.0,10334.3,9200.05,-10.9756,,BEARISH,UNKNOWN,,1500,95.07,1,2,3,33,18,17,0
train,12,2020-03-18,2,Wed,3,2020,636081.67,57.5336,1052427.2,1681055.43,841,1105582.55,-345.776,SHORT/LONG,0.0,9088.45,7636.65,-15.9741,,BEARISH,UNKNOWN,,1500,55.87,87,3,89,335,148,0,0
train,13,2020-03-25,2,Wed,3,2020,1080841.52,203.0606,157196.98,1080841.52,57,532275.24,8.7157,SHORT/LONG,0.0,7735.15,8291.7,7.1951,,BULLISH,UNKNOWN,,1500,96.53,1,2,2,21,18,8,0
train,14,2020-04-01,2,Wed,4,2020,446964.15,133.82,234936.19,548243.97,71,334004.0,-1.0121,SHORT/LONG,0.0,8584.1,8106.45,-5.5644,,BEARISH,UNKNOWN,,750,91.2,1,2,2,32,18,11,0
train,15,2020-04-08,2,Wed,4,2020,797931.07,148.1194,647387.28,1445318.35,1175,538708.1,-157.2301,SHORT/LONG,0.0,8688.9,9006.65,3.657,,BULLISH,UNKNOWN,,1125,32.09,204,2,205,172,181,0,0
train,16,2020-04-15,2,Wed,4,2020,392761.47,145.5621,266066.38,463251.37,827,269824.0,-79.8824,SHORT/LONG,0.0,9196.4,9262.0,0.7133,,BULLISH,UNKNOWN,,1500,68.8,104,76,179,55,35,17,2
train,17,2020-04-22,2,Wed,4,2020,558269.46,203.2291,116589.42,671491.03,72,274699.58,-11.2953,SHORT/LONG,0.0,9026.75,9289.6,2.9119,,BULLISH,UNKNOWN,,1500,95.67,2,2,3,20,27,8,3
train,18,2020-04-29,2,Wed,4,2020,1166113.28,310.902,240455.29,1405513.51,261,375074.29,17.8108,SHORT/LONG,0.0,9408.6,9305.7,-1.0937,,BEARISH,UNKNOWN,,1125,78.49,6,4,9,92,65,45,21
train,19,2020-05-06,2,Wed,5,2020,267668.79,89.788,295361.86,562997.87,1021,298112.11,-91.3856,SHORT/LONG,0.0,9226.8,9247.2,0.2211,,SIDEWAYS,UNKNOWN,,1500,61.07,121,98,218,53,74,11,9
train,20,2020-05-13,2,Wed,5,2020,452279.09,119.0884,610112.74,779842.7,1612,379784.42,-149.1209,SHORT/LONG,0.0,9584.2,8830.4,-7.865,,BEARISH,UNKNOWN,,1500,40.13,265,92,357,99,32,53,0
train,21,2020-05-20,2,Wed,5,2020,507469.67,226.1184,168552.4,615695.97,119,224426.51,-15.1722,SHORT/LONG,0.0,8889.15,9051.5,1.8264,,BULLISH,UNKNOWN,,1125,90.04,2,2,3,31,46,0,28
train,22,2020-05-27,2,Wed,5,2020,646364.89,308.6149,106167.26,733467.03,81,209440.59,10.5692,SHORT/LONG,0.0,9082.2,9812.2,8.0377,,BULLISH,UNKNOWN,,1500,95.07,2,2,3,29,27,11,0
train,23,2020-06-03,2,Wed,6,2020,415693.03,169.1505,70503.11,440843.32,342,245753.37,7.8235,SHORT/LONG,0.0,10108.3,10175.25,0.6623,,BULLISH,UNKNOWN,,1500,79.27,13,3,15,55,126,24,75
train,24,2020-06-10,2,Wed,6,2020,270482.65,62.3372,496397.51,766880.16,1208,433902.17,-146.8445,SHORT/LONG,0.0,10072.6,9818.05,-2.5272,,BEARISH,UNKNOWN,,1500,50.33,194,38,231,105,146,11,20
train,25,2020-06-17,2,Wed,6,2020,529475.91,167.9222,122985.47,579816.63,96,315310.22,-3.8946,SHORT/LONG,0.0,9876.7,10324.7,4.5359,,BULLISH,UNKNOWN,,1500,94.07,2,2,3,27,32,9,14
train,26,2020-06-24,2,Wed,6,2020,94127.18,23.4472,370659.58,377449.36,1559,401443.16,-154.8579,SHORT/LONG,0.0,10529.25,10315.1,-2.0339,,BEARISH,UNKNOWN,,1500,43.33,82,273,354,38,103,0,0
train,27,2020-07-01,2,Wed,7,2020,573968.76,192.619,58464.92,629572.05,496,297981.44,16.0333,SHORT/LONG,0.0,10323.8,10770.05,4.3225,,BULLISH,UNKNOWN,,1500,68.07,5,4,8,106,162,71,123
train,28,2020-07-08,2,Wed,7,2020,237453.29,121.2543,170479.93,394591.35,554,195830.78,-52.5324,SHORT/LONG,0.0,10818.65,10814.75,-0.036,,SIDEWAYS,UNKNOWN,,1500,73.73,78,2,80,81,71,38,44
train,29,2020-07-15,2,Wed,7,2020,292311.84,213.2414,160338.58,452650.42,183,137080.24,-43.2057,SHORT/LONG,0.0,10701.0,11027.55,3.0516,,BULLISH,UNKNOWN,,1500,88.4,3,2,4,81,34,43,7
train,30,2020-07-22,2,Wed,7,2020,369811.66,221.4933,202487.88,570911.72,163,166962.91,-48.7785,SHORT/LONG,0.0,11231.2,11124.5,-0.95,,BEARISH,UNKNOWN,,1500,91.87,19,2,20,30,33,8,10
train,31,2020-07-29,2,Wed,7,2020,490562.81,189.8398,273689.76,761762.78,440,258408.86,-85.282,SHORT/LONG,0.0,11276.9,10900.0,-3.3422,,BEARISH,UNKNOWN,,1500,79.93,68,2,69,56,79,7,20
train,32,2020-08-05,2,Wed,8,2020,85829.38,41.5139,161672.18,220619.78,1573,206748.75,-63.1931,SHORT/LONG,0.0,11155.75,11274.65,1.0658,,BULLISH,UNKNOWN,,1500,41.53,247,101,348,60,107,13,1
train,33,2020-08-12,2,Wed,8,2020,261401.9,180.6823,94500.47,355902.36,457,144674.91,-2.9635,SHORT/LONG,0.0,11289.0,11259.65,-0.26,,SIDEWAYS,UNKNOWN,,1500,70.4,5,2,6,146,99,123,63
train,34,2020-08-19,2,Wed,8,2020,307998.35,143.1876,448125.6,702861.85,2344,215101.2,-169.9249,SHORT/LONG,0.0,11452.15,11472.9,0.1812,,SIDEWAYS,UNKNOWN,,1500,15.0,227,308,534,98,31,72,5
train,35,2020-08-26,2,Wed,8,2020,205828.16,132.9755,187307.75,358105.29,1251,154786.55,-68.354,SHORT/LONG,0.0,11512.85,11341.05,-1.4922,,BEARISH,UNKNOWN,,1498,49.2,174,71,245,98,127,45,1
train,36,2020-09-02,2,Wed,9,2020,744240.67,316.5376,59062.54,744242.29,536,235119.22,26.9851,SHORT/LONG,0.0,11478.55,11377.0,-0.8847,,BEARISH,UNKNOWN,,1500,65.4,5,4,8,147,143,103,109
train,37,2020-09-09,2,Wed,9,2020,362736.85,168.8211,72728.3,435088.52,312,214864.58,4.2133,SHORT/LONG,0.0,11218.6,11422.1,1.814,,BULLISH,UNKNOWN,,1500,81.13,11,4,14,76,88,30,60
train,38,2020-09-16,2,Wed,9,2020,195628.61,129.6834,188032.7,374761.49,1110,150850.9,-68.6908,SHORT/LONG,0.0,11538.45,11221.65,-2.7456,,BEARISH,UNKNOWN,,1500,52.6,156,44,199,99,160,40,13
train,39,2020-09-23,2,Wed,9,2020,185993.05,61.8978,164962.98,346417.87,400,300484.1,-51.357,SHORT/LONG,0.0,11258.75,11238.35,-0.1812,,SIDEWAYS,UNKNOWN,,1500,83.33,73,2,75,48,44,3,5
train,40,2020-09-30,2,Wed,9,2020,154894.92,52.2609,176073.29,313466.96,442,296387.99,-34.1598,SHORT/LONG,0.0,11244.45,11508.45,2.3478,,BULLISH,UNKNOWN,,1125,74.13,27,49,75,65,44,26,5
train,41,2020-10-07,2,Wed,10,2020,275592.99,126.5286,249648.65,519363.52,1501,217810.83,-91.0143,SHORT/LONG,0.0,11679.25,11936.2,2.2001,,BULLISH,UNKNOWN,,1500,38.6,200,90,290,115,146,54,26
train,42,2020-10-14,2,Wed,10,2020,402296.84,216.649,91920.63,480902.92,238,185690.62,-5.0125,SHORT/LONG,0.0,11917.4,11878.6,-0.3256,,SIDEWAYS,UNKNOWN,,1500,85.13,6,2,7,45,92,19,52
train,43,2020-10-21,2,Wed,10,2020,75999.16,34.0807,245209.17,321208.33,1003,222997.75,-77.9044,SHORT/LONG,0.0,11958.55,11776.9,-1.519,,BEARISH,UNKNOWN,,1500,61.47,121,92,212,64,58,25,6
train,44,2020-10-28,2,Wed,10,2020,323846.92,136.3653,322317.95,635626.05,2102,237484.92,-126.5565,SHORT/LONG,0.0,11922.6,11652.75,-2.2633,,BEARISH,UNKNOWN,,1499,25.22,282,209,490,45,68,1,26
train,45,2020-11-04,2,Wed,11,2020,-198701.24,-66.358,836049.61,476321.45,1235,299438.2,-337.5793,SHORT/LONG,0.0,11783.35,12468.15,5.8116,,BULLISH,UNKNOWN,,1500,34.67,2,126,127,39,678,8,0
train,46,2020-11-11,2,Wed,11,2020,103814.92,38.1247,199478.18,300973.43,1216,272303.78,-64.1952,SHORT/LONG,0.0,12680.6,12767.55,0.6857,,BULLISH,UNKNOWN,,1185,43.54,138,136,273,56,58,4,4
train,47,2020-11-18,2,Wed,11,2020,545229.69,238.2389,330014.28,852324.11,1052,228858.38,-115.1053,SHORT/LONG,0.0,12860.1,12928.15,0.5292,,BULLISH,UNKNOWN,,1500,57.33,204,2,206,109,92,10,17
train,48,2020-11-25,2,Wed,11,2020,183563.06,75.7727,122395.52,291673.19,363,242254.79,-23.8298,SHORT/LONG,0.0,13130.0,12942.85,-1.4254,,BEARISH,UNKNOWN,,1125,79.29,62,3,65,43,43,8,9
train,49,2020-12-02,2,Wed,12,2020,136403.38,81.4158,208597.29,344749.16,2039,167539.13,-94.3476,SHORT/LONG,0.0,13121.4,13355.2,1.7818,,BULLISH,UNKNOWN,,1500,26.47,177,291,468,32,105,10,20
train,50,2020-12-09,2,Wed,12,2020,406088.39,182.5398,69365.46,475453.85,360,222465.72,5.6516,SHORT/LONG,0.0,13458.1,13554.85,0.7189,,BULLISH,UNKNOWN,,1500,77.4,8,3,10,101,90,65,62
train,51,2020-12-16,2,Wed,12,2020,530934.68,313.6325,148863.13,603003.88,651,169285.61,12.8263,SHORT/LONG,0.0,13663.1,13283.35,-2.7794,,BEARISH,UNKNOWN,,1500,59.2,17,3,19,209,111,179,74
train,52,2020-12-23,2,Wed,12,2020,655025.92,252.9633,220931.99,838599.85,120,258941.06,-34.8797,SHORT/LONG,0.0,13473.5,13881.0,3.0245,,BULLISH,UNKNOWN,,1125,89.96,2,2,3,31,44,5,26
train,53,2020-12-30,2,Wed,12,2020,445456.98,215.7309,111355.07,516735.35,207,206487.35,-17.0909,SHORT/LONG,0.0,13980.9,14143.65,1.1641,,BULLISH,UNKNOWN,,1500,88.67,17,2,18,59,53,8,13
train,54,2021-01-06,2,Wed,1,2021,362389.59,138.1841,277082.76,624286.96,868,262251.28,-95.6211,SHORT/LONG,0.0,14240.95,14483.05,1.7,,BULLISH,UNKNOWN,,1500,61.73,144,3,147,135,78,60,7
train,55,2021-01-13,2,Wed,1,2021,95307.22,38.2846,137642.89,227454.99,1113,248943.83,-52.5924,SHORT/LONG,0.0,14639.8,14230.2,-2.7979,,BEARISH,UNKNOWN,,1500,56.6,132,99,231,46,112,4,27
train,56,2021-01-20,2,Wed,1,2021,408234.69,190.576,117594.28,427784.18,253,214211.0,-6.0671,SHORT/LONG,0.0,14538.3,14247.95,-1.9971,,BEARISH,UNKNOWN,,1500,86.67,25,2,26,46,54,20,27
train,57,2021-01-27,2,Wed,1,2021,-3377.17,-1.6169,395339.61,390923.61,920,208871.6,-117.4535,SHORT/LONG,0.0,14237.95,14335.45,0.6848,,BULLISH,UNKNOWN,,1500,65.47,165,36,201,53,62,1,0
train,58,2021-02-03,2,Wed,2,2021,781662.22,325.722,161958.24,896558.64,144,239978.3,-18.7791,SHORT/LONG,0.0,14754.9,15129.45,2.5385,,BULLISH,UNKNOWN,,1500,90.87,2,2,3,31,50,17,32
train,59,2021-02-10,2,Wed,2,2021,608006.9,166.6312,165089.32,684695.7,154,364881.68,5.2608,SHORT/LONG,0.0,15119.05,15335.8,1.4336,,BULLISH,UNKNOWN,,1500,90.2,2,2,3,22,66,13,39
train,60,2021-02-17,2,Wed,2,2021,466144.99,212.1519,83140.61,479593.31,372,219722.28,7.3317,SHORT/LONG,0.0,15279.9,14640.9,-4.182,,BEARISH,UNKNOWN,,1500,78.2,18,5,22,73,107,42,60
train,61,2021-02-24,2,Wed,2,2021,-948506.12,-463.0198,1378988.9,396033.03,1711,204852.18,-644.612,SHORT/LONG,0.0,14729.15,14784.15,0.3734,,SIDEWAYS,UNKNOWN,,1179,22.48,397,2,398,24,92,1,0
train,62,2021-03-03,2,Wed,3,2021,398304.65,99.415,560793.25,959034.05,1657,400648.25,-217.4488,SHORT/LONG,0.0,15064.4,14962.85,-0.6741,,BEARISH,UNKNOWN,,1500,31.93,270,48,318,192,139,31,23
train,63,2021-03-10,2,Wed,3,2021,560834.34,176.7894,81397.6,562223.38,181,317232.98,14.917,SHORT/LONG,0.0,15202.15,14920.9,-1.8501,,BEARISH,UNKNOWN,,1125,86.49,11,4,14,60,33,25,5
train,64,2021-03-17,2,Wed,3,2021,541812.33,141.1427,150379.44,544476.68,244,383875.55,5.6212,SHORT/LONG,0.0,14946.55,14747.15,-1.3341,,BEARISH,UNKNOWN,,1500,89.53,41,3,43,32,27,10,1
train,65,2021-03-24,2,Wed,3,2021,239110.1,65.4071,192032.05,431142.15,417,365572.15,-44.394,SHORT/LONG,0.0,14712.45,14518.9,-1.3156,,BEARISH,UNKNOWN,,1125,76.0,72,2,73,51,61,7,4
train,66,2021-03-31,2,Wed,3,2021,336396.86,132.6163,178495.65,504765.5,308,253661.76,-7.4107,SHORT/LONG,0.0,14811.85,14649.05,-1.0991,,BEARISH,UNKNOWN,,1125,75.11,9,5,14,65,98,31,58
train,67,2021-04-07,2,Wed,4,2021,327029.94,114.8172,246108.84,504717.02,1021,284826.62,-86.3149,SHORT/LONG,0.0,14716.45,14349.6,-2.4928,,BEARISH,UNKNOWN,,1500,59.87,173,37,209,65,94,8,16
train,68,2021-04-28,2,Wed,4,2021,139266.98,42.3871,260273.05,399458.2,1647,328559.56,-91.2635,SHORT/LONG,0.0,14710.5,14644.35,-0.4497,,SIDEWAYS,UNKNOWN,,1500,39.47,87,283,369,72,68,7,22
train,69,2021-05-05,2,Wed,5,2021,288347.18,120.7682,200956.14,291394.8,593,238760.87,-2.7674,SHORT/LONG,0.0,14604.15,14949.4,2.3641,,BULLISH,UNKNOWN,,1500,75.47,109,4,112,26,78,2,37
train,70,2021-05-12,2,Wed,5,2021,333299.97,170.1983,245996.72,576866.37,415,195830.33,-43.2709,SHORT/LONG,0.0,14823.55,14924.1,0.6783,,BULLISH,UNKNOWN,,1125,73.6,57,2,59,68,66,21,24
train,71,2021-05-19,2,Wed,5,2021,255193.47,169.4776,204951.16,460092.18,622,150576.5,-67.4864,SHORT/LONG,0.0,15058.6,15184.0,0.8327,,BULLISH,UNKNOWN,,1500,73.07,106,3,109,68,70,23,25
train,72,2021-05-26,2,Wed,5,2021,349778.17,231.9791,37859.18,369765.77,612,150780.01,9.8622,SHORT/LONG,0.0,15257.05,15576.0,2.0905,,BULLISH,UNKNOWN,,1500,63.13,25,5,29,155,127,109,103
train,73,2021-06-02,2,Wed,6,2021,691885.55,272.6242,40432.84,709186.18,838,253787.25,24.6917,SHORT/LONG,0.0,15520.35,15747.0,1.4603,,BULLISH,UNKNOWN,,1500,45.0,4,3,6,311,121,278,102
train,74,2021-06-09,2,Wed,6,2021,200572.39,74.4724,223427.37,422818.6,1795,269324.57,-93.5936,SHORT/LONG,0.0,15766.3,15809.7,0.2753,,SIDEWAYS,UNKNOWN,,1500,35.2,138,274,411,60,61,24,4
train,75,2021-06-16,2,Wed,6,2021,464688.2,217.0158,108700.92,465679.24,306,214126.39,7.1711,SHORT/LONG,0.0,15847.5,15748.6,-0.6241,,BEARISH,UNKNOWN,,1500,81.0,7,4,10,111,47,79,27
train,76,2021-06-23,2,Wed,6,2021,450059.65,183.6305,214813.97,663240.1,113,245089.75,-49.3849,SHORT/LONG,0.0,15862.8,15825.0,-0.2383,,SIDEWAYS,UNKNOWN,,1500,92.93,2,2,3,32,42,1,24
train,77,2021-06-30,2,Wed,6,2021,168995.16,121.8525,54944.88,216554.96,602,138688.35,-2.1844,SHORT/LONG,0.0,15776.9,15838.4,0.3898,,SIDEWAYS,UNKNOWN,,1500,62.2,14,4,17,203,104,168,57
train,78,2021-07-07,2,Wed,7,2021,389771.0,247.1945,29676.99,392113.08,676,157677.89,14.9044,SHORT/LONG,0.0,15819.6,15689.5,-0.8224,,BEARISH,UNKNOWN,,1500,57.27,13,5,17,102,227,69,208
train,79,2021-07-14,2,Wed,7,2021,158850.8,101.0764,207616.99,365709.99,531,157159.19,-54.9767,SHORT/LONG,0.0,15808.7,15757.9,-0.3213,,SIDEWAYS,UNKNOWN,,1500,74.93,27,51,77,101,43,70,7
train,80,2021-07-28,2,Wed,7,2021,477485.86,203.1517,62580.59,495291.44,472,235039.03,16.1072,SHORT/LONG,0.0,15761.55,15887.5,0.7991,,BULLISH,UNKNOWN,,1500,71.53,20,3,22,61,166,34,121
train,81,2021-08-04,2,Wed,8,2021,284769.11,150.1717,93364.26,376474.46,517,189629.0,-5.6238,SHORT/LONG,0.0,16195.25,16254.1,0.3634,,SIDEWAYS,UNKNOWN,,1500,67.73,13,4,16,136,135,73,107
train,82,2021-08-11,2,Wed,8,2021,659392.69,251.5405,53875.88,712804.79,419,262141.71,16.3914,SHORT/LONG,0.0,16327.3,16547.05,1.3459,,BULLISH,UNKNOWN,,1500,74.93,19,3,21,98,123,35,77
train,83,2021-08-18,2,Wed,8,2021,243679.93,126.5367,81469.57,243683.6,338,192576.47,4.9553,SHORT/LONG,0.0,16691.95,16488.3,-1.22,,BEARISH,UNKNOWN,,1125,76.98,37,3,39,50,66,14,50
train,84,2021-08-25,2,Wed,8,2021,241372.36,137.4762,97188.08,274704.3,133,175573.93,-4.3488,SHORT/LONG,0.0,16654.0,16938.7,1.7095,,BULLISH,UNKNOWN,,1500,91.6,2,2,3,33,50,8,28
train,85,2021-09-01,2,Wed,9,2021,429152.27,217.8966,50262.61,431630.11,725,196952.26,16.8582,SHORT/LONG,0.0,17185.6,17379.65,1.1291,,BULLISH,UNKNOWN,,1500,59.93,55,7,62,73,207,23,174
train,86,2021-09-08,2,Wed,9,2021,514869.82,247.0313,35517.58,537300.96,468,208422.88,18.0719,SHORT/LONG,0.0,17375.75,17350.7,-0.1442,,SIDEWAYS,UNKNOWN,,1125,61.16,11,5,15,150,97,98,61
train,87,2021-09-15,2,Wed,9,2021,219576.32,168.7885,128603.63,333913.6,249,130089.6,-25.0755,SHORT/LONG,0.0,17387.65,17373.75,-0.0799,,SIDEWAYS,UNKNOWN,,1500,85.2,12,2,13,93,28,65,9
train,88,2021-09-22,2,Wed,9,2021,414420.42,178.398,434342.45,498006.54,659,232301.01,-25.4821,SHORT/LONG,0.0,17580.9,17855.1,1.5596,,BULLISH,UNKNOWN,,1500,75.0,140,2,142,41,40,7,3
train,89,2021-09-29,2,Wed,9,2021,323399.68,108.2236,270833.66,594233.34,739,298825.36,-72.1649,SHORT/LONG,0.0,17657.95,17700.5,0.241,,SIDEWAYS,UNKNOWN,,1500,72.53,111,53,163,42,27,16,0
train,90,2021-10-06,2,Wed,10,2021,197650.18,65.4633,671472.71,858642.13,1573,301924.99,-272.9386,SHORT/LONG,0.0,17861.5,17953.7,0.5162,,BULLISH,UNKNOWN,,1500,30.67,218,49,266,222,255,23,7
train,91,2021-10-13,2,Wed,10,2021,358365.35,158.2145,67451.69,382068.8,420,226506.02,9.1959,SHORT/LONG,0.0,18097.85,18476.25,2.0909,,BULLISH,UNKNOWN,,1125,68.98,33,3,35,38,119,19,102
train,92,2021-10-20,2,Wed,10,2021,331723.58,116.5084,192293.37,519738.39,173,284720.73,-51.4201,SHORT/LONG,0.0,18439.9,18136.5,-1.6453,,BEARISH,UNKNOWN,,1500,91.47,21,2,22,36,42,5,0
train,93,2021-10-27,2,Wed,10,2021,881192.71,311.9323,185790.33,1039640.89,139,282494.83,-7.5337,SHORT/LONG,0.0,18295.85,17945.25,-1.9163,,BEARISH,UNKNOWN,,1500,91.47,4,2,5,42,51,12,12
train,94,2021-11-03,2,Wed,11,2021,157166.63,60.9502,145956.04,267818.07,205,257860.86,-14.9596,SHORT/LONG,0.0,17947.95,18080.7,0.7396,,BULLISH,UNKNOWN,,810,81.98,28,2,29,20,47,2,18
train,95,2021-11-10,2,Wed,11,2021,439895.22,183.3126,42141.82,445575.24,479,239970.05,15.0195,SHORT/LONG,0.0,17973.45,18092.0,0.6596,,BULLISH,UNKNOWN,,1500,71.07,16,7,22,71,159,28,131
train,96,2021-11-17,2,Wed,11,2021,522443.01,291.8398,164965.08,600676.98,376,179017.04,9.4203,SHORT/LONG,0.0,17939.35,17440.0,-2.7835,,BEARISH,UNKNOWN,,1125,68.62,8,4,11,97,116,48,69
train,97,2021-11-24,2,Wed,11,2021,714175.5,281.8394,194393.85,828116.66,165,253398.08,-13.0618,SHORT/LONG,0.0,17550.05,17039.7,-2.908,,BEARISH,UNKNOWN,,1500,89.73,3,3,5,62,45,18,18
train,98,2021-12-01,2,Wed,12,2021,435633.51,223.7225,177315.65,612949.16,148,194720.5,-14.0449,SHORT/LONG,0.0,17104.4,16909.3,-1.1406,,BEARISH,UNKNOWN,,1500,90.73,2,3,4,47,39,30,14
train,99,2021-12-08,2,Wed,12,2021,456031.06,213.5021,58557.35,467191.5,401,213595.58,15.0016,SHORT/LONG,0.0,17315.25,17384.5,0.3999,,SIDEWAYS,UNKNOWN,,1500,76.47,20,4,24,41,138,8,118
train,100,2021-12-15,2,Wed,12,2021,427519.79,126.5825,463778.07,885443.13,1699,337740.11,-171.73,SHORT/LONG,0.0,17323.65,16613.0,-4.1022,,BEARISH,UNKNOWN,,1499,34.76,262,99,360,108,141,8,0
train,101,2021-12-22,2,Wed,12,2021,422105.35,152.1774,98231.58,520336.93,161,277377.13,-11.4099,SHORT/LONG,0.0,16865.55,17101.95,1.4017,,BULLISH,UNKNOWN,,1500,90.53,8,2,9,18,71,2,32
train,102,2021-12-29,2,Wed,12,2021,502285.86,226.9599,131797.51,511781.54,375,221310.4,3.8761,SHORT/LONG,0.0,17220.1,17635.35,2.4114,,BULLISH,UNKNOWN,,1500,82.93,58,2,59,32,59,5,41
train,103,2022-01-05,2,Wed,1,2022,-92575.62,-54.281,96963.36,4221.08,2182,170548.9,-41.4911,SHORT/LONG,0.0,17820.1,18005.45,1.0401,16.35,BULLISH,MED_VOL,,1500,4.27,106,267,373,280,157,140,113
train,104,2022-01-12,2,Wed,1,2022,-12312.59,-7.8976,55850.4,2453.84,1481,155902.94,-12.0696,SHORT/LONG,0.0,18170.4,18309.7,0.7666,17.61,BULLISH,MED_VOL,,1500,28.27,1,202,202,275,105,214,77
train,105,2022-01-19,2,Wed,1,2022,-21633.99,-13.4189,64959.74,20058.29,1753,161220.33,-17.7179,SHORT/LONG,0.0,18129.2,17112.45,-5.6084,18.11,BEARISH,MED_VOL,,1500,29.73,14,336,349,152,71,104,28
train,106,2022-02-02,2,Wed,2,2022,58195.63,33.1286,30913.55,63942.02,780,175665.78,0.8124,SHORT/LONG,0.0,17706.2,17210.0,-2.8024,19.64,BEARISH,MED_VOL,,1500,59.53,7,80,86,208,33,179,14
train,107,2022-02-09,2,Wed,2,2022,-9410.32,-5.6341,74017.27,26017.04,1563,167023.7,-16.2132,SHORT/LONG,0.0,17370.1,16819.7,-3.1687,19.48,BEARISH,MED_VOL,,1500,32.93,19,260,278,186,73,144,46
train,108,2022-02-16,2,Wed,2,2022,89282.76,49.2435,33844.87,89954.09,373,181308.89,2.7683,SHORT/LONG,0.0,17408.45,17205.75,-1.1644,20.1,BEARISH,HIGH_VOL,,1500,80.53,7,34,40,84,34,75,18
train,109,2022-02-23,2,Wed,2,2022,-115870.59,-28.6602,135455.82,14320.51,2137,404290.42,-58.7492,SHORT/LONG,0.0,17194.5,16789.45,-2.3557,25.45,BEARISH,HIGH_VOL,,1500,21.33,164,315,478,86,100,11,26
train,110,2022-03-02,2,Wed,3,2022,28485.7,13.5921,70351.63,32623.12,1172,209575.7,-8.8701,SHORT/LONG,0.0,16593.1,15881.05,-4.2912,29.76,BEARISH,HIGH_VOL,,1497,51.84,10,216,225,67,99,37,67
train,111,2022-03-09,2,Wed,3,2022,-45332.51,-12.5016,86964.53,10556.36,2063,362612.25,-35.6797,SHORT/LONG,0.0,16078.0,16886.4,5.028,28.15,BULLISH,HIGH_VOL,,1500,13.07,48,332,379,227,154,90,74
train,112,2022-03-16,2,Wed,3,2022,97296.95,56.7695,9809.82,99042.2,328,171389.37,5.2687,SHORT,0.0,16876.65,17113.85,1.4055,25.22,BULLISH,HIGH_VOL,,1125,78.93,0,46,45,73,12,60,1
train,113,2022-03-23,2,Wed,3,2022,73629.36,38.5233,27646.31,75807.76,696,191129.58,1.294,SHORT,0.0,17405.05,17214.7,-1.0936,23.44,BEARISH,HIGH_VOL,,1500,69.4,0,119,118,123,14,84,1
train,114,2022-03-30,2,Wed,3,2022,49810.87,26.9721,16481.08,54114.3,709,184675.79,2.3319,SHORT,0.0,17468.15,18036.05,3.2511,20.62,BULLISH,HIGH_VOL,,1500,62.0,0,70,69,205,25,188,13
train,115,2022-04-06,2,Wed,4,2022,46359.27,27.7895,27101.23,46933.03,786,166822.83,1.5351,SHORT/LONG,0.0,17842.75,17679.65,-0.9141,18.78,BEARISH,MED_VOL,,1500,62.2,1,109,109,164,37,130,17
train,116,2022-04-13,2,Wed,4,2022,-24892.71,-14.9542,55147.38,12014.62,841,166459.14,-7.8128,SHORT/LONG,0.0,17599.9,17185.8,-2.3529,17.63,BEARISH,MED_VOL,,750,31.73,1,164,164,89,20,65,9
train,117,2022-04-20,2,Wed,4,2022,-49161.91,-26.6833,92617.7,41383.91,1455,184242.37,-21.7522,SHORT/LONG,0.0,17045.25,16983.2,-0.364,19.85,SIDEWAYS,MED_VOL,,1500,37.93,39,223,262,231,48,117,11
train,118,2022-04-27,2,Wed,4,2022,43966.93,24.4973,16764.92,48017.72,574,179476.53,1.3603,SHORT/LONG,0.0,17073.35,17064.7,-0.0507,20.09,SIDEWAYS,HIGH_VOL,,1500,70.33,2,63,64,142,33,129,12
train,119,2022-05-04,2,Wed,5,2022,49276.01,29.0931,51938.39,72008.06,636,169373.39,-4.4692,SHORT/LONG,0.0,17096.6,16308.4,-4.6103,20.23,BEARISH,HIGH_VOL,,1500,73.47,45,74,119,51,54,29,26
train,120,2022-05-11,2,Wed,5,2022,65067.32,22.0057,49554.14,65440.75,982,295683.39,-1.3733,SHORT/LONG,0.0,16270.05,15864.5,-2.4926,21.9,BEARISH,HIGH_VOL,,1500,55.67,25,134,158,140,72,96,40
train,121,2022-05-18,2,Wed,5,2022,-42902.01,-13.2244,92884.18,19350.66,2218,324415.39,-39.0744,SHORT/LONG,0.0,16318.15,16191.65,-0.7752,22.42,BEARISH,HIGH_VOL,,1500,8.6,44,380,423,266,115,102,41
train,122,2022-05-25,2,Wed,5,2022,124228.54,69.2097,13991.75,127241.52,552,179495.9,5.494,SHORT/LONG,0.0,16196.35,16668.2,2.9133,24.41,BULLISH,HIGH_VOL,,1500,70.27,3,50,53,152,36,139,13
train,123,2022-06-01,2,Wed,6,2022,-1896.82,-1.0759,65307.28,12662.01,1371,176298.4,-13.5873,SHORT/LONG,0.0,16594.4,16563.65,-0.1853,19.75,SIDEWAYS,MED_VOL,,1500,34.67,10,186,195,230,111,154,94
train,124,2022-06-08,2,Wed,6,2022,97964.82,26.367,45518.5,103943.85,800,371543.22,-0.2129,SHORT/LONG,0.0,16474.95,15800.95,-4.0911,19.84,BEARISH,MED_VOL,,1500,58.6,16,74,89,230,28,172,12
train,125,2022-06-15,2,Wed,6,2022,84551.24,48.0129,51928.97,95492.29,340,176101.2,2.3987,SHORT/LONG,0.0,15729.25,15368.9,-2.291,21.65,BEARISH,HIGH_VOL,,1500,80.47,5,19,23,102,34,96,14
train,126,2022-06-22,2,Wed,6,2022,87806.31,49.2174,32566.1,88782.54,717,178405.03,1.8446,SHORT/LONG,0.0,15545.65,15836.1,1.8684,21.09,BULLISH,HIGH_VOL,,1500,65.2,6,92,97,170,26,117,14
train,127,2022-06-29,2,Wed,6,2022,28886.7,16.4269,36202.42,30609.87,1013,175850.27,-2.4774,SHORT/LONG,0.0,15701.7,15829.15,0.8117,22.04,BULLISH,HIGH_VOL,,1500,49.33,4,123,126,220,59,193,35
train,128,2022-07-06,2,Wed,7,2022,78637.44,44.1452,11930.07,86039.93,699,178133.5,2.6619,SHORT,0.0,15818.2,16199.05,2.4077,20.7,BULLISH,HIGH_VOL,,1500,66.53,0,99,98,131,43,115,16
train,129,2022-07-13,2,Wed,7,2022,110510.01,71.0449,13420.53,112255.92,633,155549.54,5.7384,SHORT/LONG,0.0,16128.2,16281.4,0.9499,18.29,BULLISH,MED_VOL,,1500,70.4,1,94,94,104,44,83,24
train,130,2022-07-20,2,Wed,7,2022,-12995.94,-7.816,34712.04,17532.35,1220,166273.21,-6.9616,SHORT/LONG,0.0,16562.8,16610.05,0.2853,16.79,SIDEWAYS,MED_VOL,,1500,34.73,2,119,120,298,92,277,71
train,131,2022-07-27,2,Wed,7,2022,96559.59,57.4161,21290.09,114973.76,666,168175.15,3.1509,SHORT/LONG,0.0,16475.35,17332.3,5.2014,18.55,BULLISH,MED_VOL,,1500,62.87,3,52,54,190,50,172,36
train,132,2022-08-03,2,Wed,8,2022,59277.44,37.8607,15956.79,61257.85,854,156567.06,1.6147,SHORT/LONG,0.0,17349.25,17527.85,1.0294,18.78,BULLISH,MED_VOL,,1500,60.2,5,124,128,151,37,140,12
train,133,2022-08-10,2,Wed,8,2022,39374.49,23.3682,12829.14,49519.78,584,168495.78,2.093,SHORT,0.0,17566.1,17698.65,0.7546,20.06,BULLISH,HIGH_VOL,,1125,58.13,0,57,56,169,25,156,8
train,134,2022-08-17,2,Wed,8,2022,9982.07,5.588,32067.0,10072.66,1093,178635.26,-3.8606,SHORT,0.0,17868.15,17494.35,-2.092,17.67,BEARISH,MED_VOL,,1500,43.07,0,120,119,281,44,254,36
train,135,2022-08-24,2,Wed,8,2022,66104.04,37.9589,28408.37,70923.25,610,174146.43,0.97,SHORT/LONG,0.0,17525.45,17339.1,-1.0633,19.14,BEARISH,MED_VOL,,1500,67.0,11,47,57,175,38,152,15
train,136,2022-09-07,2,Wed,9,2022,97503.94,56.3616,12273.19,99967.33,552,172997.22,4.6551,SHORT/LONG,0.0,17519.4,17931.6,2.3528,19.49,BULLISH,MED_VOL,,1500,66.87,2,26,27,203,29,190,20
train,137,2022-09-14,2,Wed,9,2022,60000.72,35.0332,27939.84,65819.02,960,171268.01,1.3405,SHORT/LONG,0.0,17771.15,17631.85,-0.7839,18.35,BEARISH,MED_VOL,,1500,51.67,16,102,117,231,41,196,22
train,138,2022-09-21,2,Wed,9,2022,-39954.58,-22.1747,54501.81,8138.48,1471,180180.95,-13.091,SHORT/LONG,0.0,17766.35,17027.85,-4.1567,19.17,BEARISH,MED_VOL,,1500,32.73,7,224,231,225,85,186,51
train,139,2022-09-28,2,Wed,9,2022,64952.38,35.303,14365.16,74309.97,542,183985.25,0.3671,SHORT/LONG,0.0,16870.55,16876.0,0.0323,22.02,SIDEWAYS,HIGH_VOL,,1500,73.8,10,65,74,121,17,104,2
train,140,2022-10-12,2,Wed,10,2022,32927.93,17.2799,39864.94,33815.78,1152,190555.82,-6.1473,SHORT,0.0,17025.55,17320.55,1.7327,20.66,BULLISH,HIGH_VOL,,1500,43.93,0,156,155,242,65,184,39
train,141,2022-10-19,2,Wed,10,2022,112360.22,59.5799,30262.58,112360.22,930,188587.58,1.5618,SHORT/LONG,0.0,17568.15,17738.95,0.9722,17.21,BULLISH,MED_VOL,,1125,36.98,1,110,110,233,35,206,14
train,142,2022-11-02,2,Wed,11,2022,19294.89,10.9079,31095.19,33068.43,1026,176889.29,-4.0069,SHORT/LONG,0.0,18177.9,18203.35,0.14,16.32,SIDEWAYS,MED_VOL,,1500,46.47,1,111,111,222,91,203,64
train,143,2022-11-09,2,Wed,11,2022,-84903.8,-49.9988,112225.39,23093.39,1954,169811.72,-41.7609,SHORT/LONG,0.0,18288.25,18320.25,0.175,15.72,SIDEWAYS,MED_VOL,,1500,19.8,76,300,375,286,59,79,28
train,144,2022-11-16,2,Wed,11,2022,1838.01,1.1023,25235.94,13792.68,1080,166737.38,-3.6738,SHORT/LONG,0.0,18398.25,18157.95,-1.3061,14.44,BEARISH,MED_VOL,,1500,42.73,2,109,110,292,55,257,34
train,145,2022-11-23,2,Wed,11,2022,26214.67,17.7521,41359.5,28570.33,1003,147670.49,-1.9813,SHORT,0.0,18325.2,18553.4,1.2453,12.72,BULLISH,LOW_VOL,,1500,49.07,0,120,119,249,44,205,27
train,146,2022-11-30,2,Wed,11,2022,32397.76,20.469,41521.57,38615.4,1103,158277.42,-2.9836,SHORT/LONG,0.0,18625.7,18694.05,0.367,13.51,SIDEWAYS,LOW_VOL,,1500,46.8,3,150,152,219,60,177,37
train,147,2022-12-07,2,Wed,12,2022,28092.27,19.4381,17486.57,43134.96,972,144521.7,1.7501,SHORT/LONG,0.0,18638.85,18494.7,-0.7734,13.93,BEARISH,LOW_VOL,,1500,55.8,3,152,154,151,45,135,23
train,148,2022-12-14,2,Wed,12,2022,-26317.2,-17.7862,61817.41,1207.61,1765,147963.73,-17.9093,SHORT/LONG,0.0,18671.25,18426.2,-1.3124,12.67,BEARISH,LOW_VOL,,1500,17.73,32,234,265,284,99,231,89
train,149,2022-12-21,2,Wed,12,2022,8897.59,5.482,54158.24,34593.98,1189,162306.51,-8.4354,SHORT/LONG,0.0,18435.15,18009.6,-2.3084,13.5,BEARISH,LOW_VOL,,1500,46.4,48,145,192,143,98,107,71
train,150,2022-12-28,2,Wed,12,2022,65953.45,39.5773,30008.83,67305.35,1021,166644.73,0.507,SHORT/LONG,0.0,18084.75,18207.1,0.6765,15.59,BULLISH,MED_VOL,,1500,47.6,5,113,117,265,45,218,23
train,151,2023-01-04,2,Wed,1,2023,73415.18,48.5363,21130.27,89250.51,935,151258.17,2.521,SHORT/LONG,0.0,18230.65,18088.75,-0.7784,14.56,BEARISH,MED_VOL,,1500,53.2,16,101,116,209,50,176,34
train,152,2023-01-11,2,Wed,1,2023,48706.12,31.01,25823.09,51018.06,1059,157065.61,-0.348,SHORT/LONG,0.0,17924.25,17891.7,-0.1816,15.63,SIDEWAYS,MED_VOL,,1500,48.13,9,132,140,234,54,190,19
train,153,2023-01-18,2,Wed,1,2023,43535.77,27.113,33094.11,51596.75,1187,160571.33,-3.1475,SHORT,0.0,18074.3,18104.95,0.1696,14.6,SIDEWAYS,MED_VOL,,1500,35.33,0,109,108,320,73,295,65
train,154,2023-01-25,2,Wed,1,2023,-59408.58,-38.4776,84236.06,24827.48,1389,154397.95,-18.5931,SHORT/LONG,0.0,18093.35,17667.25,-2.355,13.84,BEARISH,LOW_VOL,,1125,20.62,30,218,248,179,83,92,43
train,155,2023-02-01,2,Wed,2,2023,72623.29,41.1374,10273.45,79656.44,486,176538.55,4.4913,SHORT/LONG,0.0,17811.6,17761.2,-0.283,16.36,SIDEWAYS,MED_VOL,Union Budget 2023,1500,76.07,22,42,63,116,15,101,0
train,156,2023-02-08,2,Wed,2,2023,15135.84,8.9869,35417.48,17060.32,1386,168420.39,-5.3443,SHORT,0.0,17750.3,17764.55,0.0803,13.98,SIDEWAYS,LOW_VOL,,1500,27.0,0,146,145,324,103,296,81
train,157,2023-02-15,2,Wed,2,2023,20637.56,12.854,41549.01,33146.91,1012,160553.76,-3.4539,SHORT/LONG,0.0,17896.6,17847.7,-0.2732,13.11,SIDEWAYS,LOW_VOL,,1500,50.73,36,101,136,230,36,178,22
train,158,2023-02-22,2,Wed,2,2023,44091.59,30.1794,26858.51,44490.21,931,146098.16,0.4225,SHORT/LONG,0.0,17755.35,17406.35,-1.9656,14.24,BEARISH,MED_VOL,,1500,54.4,13,111,123,182,61,164,30
train,159,2023-03-01,2,Wed,3,2023,10630.83,7.0419,38493.66,27460.38,1234,150964.76,-5.0667,SHORT/LONG,0.0,17360.1,17719.85,2.0723,13.47,BULLISH,LOW_VOL,,1500,37.13,27,119,145,274,100,222,56
train,160,2023-03-08,2,Wed,3,2023,62679.07,38.6183,41438.91,68181.39,1167,162304.03,-2.0241,SHORT/LONG,0.0,17665.75,17184.6,-2.7236,12.78,BEARISH,LOW_VOL,,1500,42.27,14,137,150,220,99,167,79
train,161,2023-03-15,2,Wed,3,2023,-39110.35,-22.1999,55525.95,16415.6,1785,176173.41,-19.411,SHORT/LONG,0.0,17166.45,17003.45,-0.9495,15.21,BEARISH,MED_VOL,,1500,20.27,30,265,294,298,98,163,48
train,162,2023-03-22,2,Wed,3,2023,41054.14,24.9491,36884.92,42165.34,804,164551.5,0.3347,SHORT/LONG,0.0,17177.45,16963.45,-1.2458,14.83,BEARISH,MED_VOL,,1500,59.73,22,78,100,167,53,132,52
train,163,2023-03-29,2,Wed,3,2023,56318.16,35.3691,23004.93,64387.38,640,159229.71,2.5193,SHORT/LONG,0.0,16977.3,17399.7,2.488,14.83,BULLISH,MED_VOL,,1125,51.73,9,40,48,187,54,165,40
train,164,2023-04-05,2,Wed,4,2023,34933.93,21.1506,23448.61,35405.54,1134,165167.76,-0.9344,SHORT/LONG,0.0,17422.3,17613.05,1.0949,12.74,BULLISH,LOW_VOL,,1125,27.2,34,124,157,235,43,201,25
train,165,2023-04-12,2,Wed,4,2023,-23118.85,-14.0891,35118.66,9807.78,1165,164090.63,-7.9159,SHORT/LONG,0.0,17759.55,17704.1,-0.3122,12.14,SIDEWAYS,LOW_VOL,,1125,17.87,3,118,120,283,81,267,52
train,166,2023-04-19,2,Wed,4,2023,48299.34,29.2911,17273.4,48720.71,1089,164894.36,0.7426,SHORT/LONG,0.0,17653.35,17748.0,0.5362,12.34,BULLISH,LOW_VOL,,1500,41.33,22,83,104,294,77,280,20
train,167,2023-04-26,2,Wed,4,2023,-11802.5,-4.7766,33361.83,6032.7,826,247089.17,-6.0667,SHORT/LONG,0.0,17767.3,18048.9,1.5849,11.64,BULLISH,LOW_VOL,,1125,31.47,1,27,27,337,31,335,13
train,168,2023-05-03,2,Wed,5,2023,-12879.15,-8.3049,57339.14,13359.6,1665,155079.72,-12.4042,SHORT/LONG,0.0,18113.8,18269.75,0.8609,12.04,BULLISH,LOW_VOL,,1500,21.2,24,218,241,302,85,253,59
train,169,2023-05-10,2,Wed,5,2023,32619.53,22.9514,36710.94,45559.03,1066,142124.49,-1.306,SHORT/LONG,0.0,18313.6,18384.6,0.3877,12.79,SIDEWAYS,LOW_VOL,,1500,46.47,30,102,131,247,57,200,36
train,170,2023-05-17,2,Wed,5,2023,72161.63,44.6928,17084.17,72185.85,732,161461.55,3.9421,SHORT/LONG,0.0,18300.45,18303.3,0.0156,13.52,SIDEWAYS,LOW_VOL,,1500,62.07,18,64,81,182,51,156,17
train,171,2023-05-24,2,Wed,5,2023,-4270.39,-2.7089,37309.13,5869.32,1357,157643.34,-10.8158,SHORT/LONG,0.0,18294.8,18601.1,1.6742,12.53,BULLISH,LOW_VOL,,1500,29.6,2,149,150,364,61,283,47
train,172,2023-05-31,2,Wed,5,2023,80671.34,56.0671,25168.97,85694.25,725,143883.62,3.2815,SHORT/LONG,0.0,18594.2,18599.9,0.0307,11.7,SIDEWAYS,LOW_VOL,,1499,61.31,9,64,72,170,77,144,44
train,173,2023-06-07,2,Wed,6,2023,73708.35,54.8064,17093.81,77714.62,1036,134488.57,3.1445,SHORT/LONG,0.0,18665.6,18614.9,-0.2716,11.06,SIDEWAYS,LOW_VOL,,1500,47.0,13,108,120,249,70,209,26
train,174,2023-06-14,2,Wed,6,2023,77817.64,49.8026,23914.85,89587.8,912,156252.18,3.4632,SHORT/LONG,0.0,18744.6,18754.2,0.0512,11.0,SIDEWAYS,LOW_VOL,,1493,49.3,9,69,77,265,56,248,33
train,175,2023-06-21,2,Wed,6,2023,21399.99,9.1182,34599.7,23205.0,1463,234695.24,-6.3537,SHORT/LONG,0.0,18849.4,18694.7,-0.8207,11.19,BEARISH,LOW_VOL,,1500,26.0,4,173,176,317,101,262,77
train,176,2023-06-28,2,Wed,6,2023,65208.58,48.0746,11726.6,67851.17,528,135640.38,2.955,SHORT/LONG,0.0,18908.15,19330.65,2.2345,10.67,BULLISH,LOW_VOL,,1125,57.96,6,22,27,192,31,178,17
train,177,2023-07-05,2,Wed,7,2023,48893.49,32.9918,29447.87,53886.63,1226,148199.03,-0.8702,SHORT/LONG,0.0,19405.95,19367.85,-0.1963,11.92,SIDEWAYS,LOW_VOL,,1500,38.6,5,148,152,270,76,217,53
train,178,2023-07-12,2,Wed,7,2023,78275.55,46.9119,18082.99,89104.24,673,166856.36,1.7581,SHORT/LONG,0.0,19497.45,19719.1,1.1368,11.13,BULLISH,LOW_VOL,,1499,62.24,19,35,53,195,58,160,46
train,179,2023-07-19,2,Wed,7,2023,43863.37,14.1656,38285.26,46972.7,1229,309646.67,-2.968,SHORT/LONG,0.0,19802.95,19665.4,-0.6946,11.72,BEARISH,LOW_VOL,,1497,33.73,23,96,118,360,63,297,35
train,180,2023-07-26,2,Wed,7,2023,-27024.67,-18.6293,47316.88,1020.45,1902,145065.69,-17.6972,SHORT/LONG,0.0,19733.35,19742.5,0.0464,10.33,SIDEWAYS,LOW_VOL,,1500,11.0,6,278,283,394,65,268,41
train,181,2023-08-02,2,Wed,8,2023,-1676.42,-1.0759,45506.23,17057.17,1442,155813.25,-12.3555,SHORT/LONG,0.0,19655.4,19597.95,-0.2923,10.53,SIDEWAYS,LOW_VOL,,1499,31.22,40,166,205,303,88,166,63
train,182,2023-08-09,2,Wed,8,2023,19914.7,12.4078,48737.31,27043.62,1601,160501.83,-10.5438,SHORT/LONG,0.0,19578.8,19413.65,-0.8435,11.5,BEARISH,LOW_VOL,,1500,26.8,81,171,251,244,91,188,72
train,183,2023-08-16,2,Wed,8,2023,-1863.65,-1.1856,43040.44,2791.37,1523,157188.99,-10.1804,SHORT/LONG,0.0,19369.0,19380.6,0.0599,12.49,SIDEWAYS,LOW_VOL,,1500,26.0,17,190,206,284,105,217,91
train,184,2023-08-23,2,Wed,8,2023,40033.68,26.7571,39041.33,52458.46,1206,149618.94,-3.3962,SHORT/LONG,0.0,19439.2,19302.65,-0.7024,11.62,BEARISH,LOW_VOL,,1500,42.8,48,126,174,238,78,162,32
train,185,2023-08-30,2,Wed,8,2023,85464.87,54.7382,16968.46,101189.69,827,156133.91,4.2673,SHORT/LONG,0.0,19433.45,19535.4,0.5246,12.08,BULLISH,LOW_VOL,,1500,55.6,7,74,80,228,54,204,19
train,186,2023-09-06,2,Wed,9,2023,26630.94,20.0681,45095.44,28348.28,1722,132702.85,-7.8288,SHORT/LONG,0.0,19581.2,20000.0,2.1388,10.68,BULLISH,LOW_VOL,,1500,22.87,75,208,282,226,103,171,92
train,187,2023-09-13,2,Wed,9,2023,31610.92,14.9524,19512.69,39334.43,1101,211409.83,1.4101,SHORT/LONG,0.0,19989.5,20123.65,0.6711,11.63,BULLISH,LOW_VOL,,1500,40.13,3,99,101,293,80,254,68
train,188,2023-09-20,2,Wed,9,2023,10967.33,4.888,43504.53,13206.8,1524,224372.22,-7.8197,SHORT/LONG,0.0,19980.75,19674.85,-1.531,11.18,BEARISH,LOW_VOL,,1500,26.6,58,154,211,278,107,219,74
train,189,2023-09-27,2,Wed,9,2023,49435.02,32.9755,12586.99,49435.02,842,149914.25,2.558,SHORT/LONG,0.0,19637.05,19638.2,0.0059,11.41,SIDEWAYS,LOW_VOL,,1125,39.47,4,77,80,244,33,231,12
train,190,2023-10-04,2,Wed,10,2023,-3825.77,-2.3619,56204.76,41183.41,1404,161981.89,-8.532,SHORT/LONG,0.0,19446.3,19497.5,0.2633,12.1,SIDEWAYS,LOW_VOL,,1500,35.6,34,185,219,260,61,168,39
train,191,2023-10-11,2,Wed,10,2023,-9631.23,-6.6576,30534.94,12078.23,1637,144664.39,-7.1171,SHORT/LONG,0.0,19767.0,19730.95,-0.1824,11.04,SIDEWAYS,LOW_VOL,,1500,21.47,26,204,229,346,42,304,27
train,192,2023-10-18,2,Wed,10,2023,-2075.33,-1.4503,55546.55,12711.77,1999,143099.38,-16.1167,SHORT/LONG,0.0,19820.45,19278.45,-2.7345,10.68,BEARISH,LOW_VOL,,1500,13.07,133,215,347,276,90,188,55
train,193,2023-10-25,2,Wed,10,2023,-71598.22,-48.8408,86516.14,14784.14,2228,146595.15,-39.6236,SHORT/LONG,0.0,19286.45,19148.85,-0.7135,10.71,BEARISH,LOW_VOL,,1500,6.27,155,256,411,302,108,98,76
train,194,2023-11-01,2,Wed,11,2023,129776.9,76.2726,10700.85,131031.78,587,170148.72,5.7188,SHORT/LONG,0.0,19064.05,19411.85,1.8244,12.08,BULLISH,LOW_VOL,,1500,66.93,11,35,45,189,34,156,26
train,195,2023-11-08,2,Wed,11,2023,-39826.38,-26.4924,47571.76,6406.41,1605,150331.37,-14.8355,SHORT/LONG,0.0,19449.6,19440.15,-0.0486,11.0,SIDEWAYS,LOW_VOL,,1560,17.88,42,120,162,410,100,361,86
train,196,2023-11-15,2,Wed,11,2023,32970.77,21.0297,28851.27,34217.73,1172,156782.31,-0.1792,SHORT/LONG,0.0,19651.4,19693.65,0.215,10.99,SIDEWAYS,LOW_VOL,,1500,35.67,9,95,103,332,78,295,53
train,197,2023-11-22,2,Wed,11,2023,14201.34,9.9373,19950.45,18357.02,1077,142909.95,0.3265,SHORT/LONG,0.0,19784.0,19788.7,0.0238,12.27,SIDEWAYS,LOW_VOL,,1125,25.69,2,119,120,278,52,234,31
train,198,2023-11-29,2,Wed,11,2023,83144.69,59.645,9320.08,84026.74,1082,139399.38,3.8747,SHORT/LONG,0.0,19976.55,20686.8,3.5554,12.32,BULLISH,LOW_VOL,,1500,46.73,3,139,141,222,51,215,28
train,199,2023-12-06,2,Wed,12,2023,4679.42,3.1162,29867.65,5720.68,1466,150162.13,-5.6155,SHORT,0.0,20950.75,20992.8,0.2007,12.81,SIDEWAYS,LOW_VOL,,1500,26.33,0,181,180,350,59,287,48
train,200,2023-12-13,2,Wed,12,2023,54936.71,33.7167,29841.12,59944.26,694,162936.38,1.5912,SHORT/LONG,0.0,20929.75,21410.8,2.2984,12.62,BULLISH,LOW_VOL,,1500,59.67,20,25,44,251,38,214,13
train,201,2023-12-20,2,Wed,12,2023,30206.56,20.3331,13534.39,40059.99,754,148558.66,2.4835,SHORT/LONG,0.0,21543.5,21332.35,-0.9801,14.02,BEARISH,MED_VOL,,1125,53.16,8,106,113,150,19,129,2
train,202,2023-12-27,2,Wed,12,2023,-9193.17,-5.3598,21504.71,1174.62,989,171521.01,-4.5259,SHORT,0.0,21497.65,21728.3,1.0729,14.73,BULLISH,MED_VOL,,1125,27.82,0,89,88,306,28,287,14
