#{"t_start": 1768980474.7484348, "env_id": "None"}
r,l,t
-1511.573369,345,13.473075
-599.050264,345,20.341525
-1615.759703,345,27.263003
-1578.246547,345,34.251829
-4133.378555,345,41.770668
-2969.072019,345,51.102098
-628.956577,344,58.001828
-2597.256526,345,65.210719
-1965.237686,345,72.630383
-1007.433319,345,79.53412
-846.488315,345,86.525033
-1847.799448,345,95.282475
-3286.90558,345,102.460811
-1763.992244,345,109.299341
-1576.726355,345,141.023984
-2136.820694,345,148.379636
-3462.898414,345,155.875717
-1676.002753,345,164.902517
-386.885005,345,172.042376
-2141.599866,345,178.982097
-824.277116,345,186.289669
-2467.307177,345,193.359679
-531.12861,345,200.355675
-2344.812643,345,209.085441
-813.343715,345,216.389633
-1086.102859,345,223.691497
-3507.900661,345,230.877294
-2382.614848,345,237.892365
-2586.807904,345,269.680133
-418.86384,345,278.791394
-461.127413,345,285.782094
-3198.759158,345,292.71736
-2108.085268,345,299.723989
-657.530441,345,307.003894
0.0,1,307.088609
-3232.606944,345,314.120115
-2412.001252,345,322.91167
-1145.080313,345,330.062861
-554.251078,345,337.974923
-1913.669404,345,345.113185
-2080.970756,345,352.351815
-794.211597,345,359.413534
-1621.751194,345,368.585597
-3548.46849,345,375.672934
-1365.979796,345,407.317962
-275.258796,345,414.205607
-572.931856,345,421.230651
-1962.20912,345,428.555628
-829.069552,345,437.180458
-1424.225281,345,444.244746
-900.019587,345,451.261765
-419.815319,345,458.798743
-272.119659,345,466.432333
-2963.974438,345,473.835874
-1334.264819,345,483.205841
-374.143157,345,491.99736
-134.32828,345,499.462028
-1239.703936,345,506.850242
-2712.768812,345,538.896069
-1011.356324,345,546.09663
-997.982843,345,554.85021
-845.173513,345,561.850028
-355.729261,345,568.914303
-869.540987,345,576.150142
-1501.930571,345,584.900225
-1282.379626,345,593.315984
-552.561786,345,602.07405
-466.109143,345,609.582028
-653.695071,345,616.670685
-214.113815,345,623.834696
-810.606107,345,631.1019
-554.388448,345,638.704465
-439.025043,345,647.468023
-114.005317,345,679.212623
-3033.092037,345,686.330733
-3727.43694,345,693.309599
-760.942516,345,701.059821
-495.340427,345,708.074589
-966.229234,345,716.88378
-703.97403,345,723.868664
-311.919766,345,731.191431
-111.363701,345,738.109616
-127.919591,345,745.179718
-208.760817,345,752.589615
-91.276242,345,761.648599
-144.668596,342,768.385826
-323.876555,338,775.290753
-205.685498,345,807.4503
-41.618741,345,814.614022
-778.445384,345,821.955571
-306.700225,345,830.770286
-418.066722,345,837.755757
-112.570545,345,844.878095
-1108.318534,345,852.291175
-212.757228,345,859.323009
-128.226618,345,866.294418
-125.885375,345,874.959436
-71.176197,345,882.585761
-196.775275,345,889.61317
-87.446029,345,896.850355
-325.409285,345,903.896194
-1622.470437,345,913.055465
-641.94667,345,944.712978
-930.539364,345,951.755029
-61.854353,345,958.789361
-15.862964,345,965.835208
-917.607441,345,973.045146
-155.967757,345,981.810961
-178.478625,345,988.870064
-36.838004,345,995.932978
-19.343218,345,1003.081815
-2193.076051,345,1010.114348
-1722.222827,345,1017.210677
-96.29116,345,1026.044713
-1710.249162,345,1033.344471
-63.895743,345,1040.415776
-231.076684,345,1072.571718
-22.355352,345,1079.909481
-72.783581,345,1087.290821
-336.796372,345,1096.100477
-1627.652812,345,1103.074714
-79.681065,345,1110.338961
-879.186513,345,1117.625046
-1293.379,345,1124.5628
-2408.24292,345,1131.571474
-289.262838,345,1140.240984
-78.24523,345,1147.753901
-589.431933,345,1154.866114
-1662.021106,345,1162.101899
-3318.211921,345,1169.133389
-73.178786,345,1176.362939
-12.366658,345,1210.098922
-296.46501,345,1217.128026
-18.976244,345,1224.817632
-75.492842,345,1232.610055
-30.53378,345,1240.407278
-275.090088,345,1248.924979
-35.626682,345,1258.535594
-667.664281,345,1265.502742
-362.607313,342,1272.658791
-202.92523,345,1279.84355
-1357.997485,345,1286.91305
-96.625483,345,1294.71633
-2816.958202,345,1304.174637
-1083.55253,345,1312.671991
-1819.045724,345,1346.960876
-1084.892942,345,1354.135527
-943.322979,345,1361.578011
-109.953151,345,1368.58844
-98.44761,345,1377.56198
-17.479542,345,1385.191433
-1150.691634,345,1393.063087
-528.464688,345,1400.811682
-117.1174,345,1408.205638
-196.84605,345,1415.301698
-1256.216808,345,1424.403208
-5967.232966,345,1432.098681
0.455299,345,1440.417966
-66.081675,345,1448.321593
-50.594687,345,1455.470115
-160.473155,345,1487.0767
-1495.675201,345,1495.635977
-2763.250258,345,1502.675384
0.022554,345,1510.004682
-53.290166,345,1517.055501
-382.442381,345,1524.049662
-1980.441347,345,1531.128076
-39.974656,345,1540.213115
-142.181209,345,1547.309378
-127.817592,342,1554.310951
-24.392977,345,1561.329823
-64.720214,345,1568.582263
-3.379024,345,1575.633254
-171.706064,345,1584.331975
-36.86971,345,1616.564149
-144.664483,345,1623.943753
-29.664173,345,1631.259727
-11.394788,345,1638.341159
-96.95935,345,1645.262799
-8.133062,345,1653.962789
-614.151777,345,1661.33203
-72.833228,345,1668.366128
-21.584947,345,1675.34374
-1849.313903,345,1682.330712
-23.26718,345,1689.711638
0.0,1,1689.796693
-59.493725,345,1698.605863
-8.751421,345,1705.515842
-574.856189,345,1712.502997
-60.978257,345,1719.968023
-295.107417,345,1751.457536
-23.261909,345,1758.363824
-68.378902,345,1766.906659
-0.405034,345,1773.895539
-55.851669,345,1781.164058
-4.449397,345,1788.144428
-38.022961,345,1795.460891
-90.298196,345,1804.412434
-527.074764,345,1811.748678
-2251.270836,344,1818.767841
-908.493006,345,1825.808064
-166.083679,345,1833.076443
-6.206291,345,1840.434455
-170.14493,345,1849.103991
-44.785216,345,1881.765463
-148.742763,345,1888.858677
-43.562588,345,1895.878776
-26.176821,345,1903.023041
-11.598014,345,1910.030401
-281.57671,345,1918.655752
-4.719489,345,1925.589121
-62.08711,345,1932.831421
-22.239938,345,1939.754373
-61.932937,345,1946.680545
-101.676548,345,1953.591527
-36.961393,345,1962.573031
-84.726471,345,1969.610712
-10.331405,345,1976.877979
-23.781269,345,1983.920236
-160.41076,345,2019.366101
-28.751977,345,2027.952179
-61.829547,345,2037.720711
-6.158673,345,2046.003849
-185.797131,345,2054.074618
-733.639846,345,2061.643552
-88.760219,345,2070.716173
-243.072237,345,2081.365087
-1.560489,345,2091.170352
-114.102944,345,2099.359062
-127.113428,345,2109.332926
-6.938935,345,2120.827847
-11.666981,345,2133.610734
-61.416823,345,2142.533234
-68.842437,345,2178.044007
-15.255241,345,2185.266499
-57.601331,345,2192.629854
-154.791154,345,2200.783346
-1.625173,345,2208.38016
-1.106248,345,2215.662151
-4.028083,345,2224.434346
-24.541213,345,2231.749886
-20.526581,345,2239.455847
-40.213977,345,2246.645187
-29.571576,345,2253.705544
-16.57763,345,2261.246499
-43.671062,345,2270.100694
-2.212166,345,2277.213069
-129.516867,345,2284.359616
-0.613655,345,2317.092199
-6.283503,345,2324.135926
-15.309315,345,2331.411179
-10.301196,345,2340.617267
-1.55959,345,2348.400037
-74.484402,345,2356.953708
-5.466155,345,2364.37182
-7.887446,345,2374.707257
-50.169388,345,2382.586255
-12.877629,345,2391.77393
-77.505217,345,2399.590869
-23.932776,345,2406.867328
-692.816189,345,2414.247377
-67.695768,345,2421.63625
-208.00897,345,2456.32057
0.00802,345,2465.609429
-13.576972,345,2473.945726
-3.755021,345,2481.092372
-41.673777,345,2488.281064
-35.740399,345,2495.944081
-9.1203,345,2503.517315
-30.494539,345,2512.338559
-27.783981,345,2519.590941
-12.717988,345,2527.074759
-9.891627,345,2534.553889
-1.164976,345,2541.709804
-28.534414,345,2548.887904
-19.879051,345,2558.14924
-3.318339,345,2565.615983
-4.199354,345,2597.349589
-18.058037,345,2604.388359
0.0,345,2611.430526
0.13526,345,2618.812797
0.408293,345,2627.480044
-32.27365,345,2634.549515
0.016528,345,2641.604675
-5.354239,345,2648.889143
-14.127345,345,2656.0306
-273.820793,345,2664.668616
0.0,345,2671.751901
-56.602436,345,2679.590889
-109.909618,345,2686.653937
-104.093149,345,2693.79513
0.0,345,2725.742847
-55.816823,345,2734.559895
0.021032,345,2741.862993
-166.36913,345,2749.049584
-8.602748,345,2756.186393
0.0,345,2763.240742
-3.708281,345,2771.605808
-41.294579,345,2780.42797
-152.426457,345,2787.552173
0.150682,345,2794.673137
-12.312502,345,2803.307466
-1.303235,345,2810.444655
0.000992,345,2817.459362
-39.781833,345,2826.246754
-21.451906,345,2833.514575
-19.170634,345,2865.354431
0.05914,345,2872.509237
0.0,345,2879.708555
0.0,345,2886.96532
-4.120967,345,2895.764385
0.110027,345,2903.290775
-20.042048,345,2910.258682
0.0,345,2917.54694
0.025291,345,2924.754716
-20.39789,345,2931.9592
-2.164073,345,2940.753048
-144.611584,345,2948.06909
0.0,345,2955.130136
0.063216,345,2962.386186
-2.047364,345,2994.046798
0.428129,345,3001.262905
0.044022,345,3010.174855
-33.098334,345,3017.338507
0.781118,345,3024.489232
-13.071817,345,3031.85427
-6.555924,345,3039.533444
-13.322004,345,3046.772166
-5.768962,345,3055.627622
0.0,345,3062.799718
0.0,345,3070.213731
0.073804,345,3077.336334
-0.745178,345,3084.50005
0.07788,345,3091.769715
0.146663,345,3100.871169
-36.070274,345,3137.188742
0.0,345,3145.878957
0.0,345,3154.654473
-10.148698,345,3163.52102
-3.751222,345,3172.28416
-677.512216,345,3182.659948
-0.512005,345,3191.694596
-51.25584,345,3200.472943
0.0,345,3209.236496
-0.648808,345,3218.955482
-76.52339,345,3226.791264
-0.940905,345,3235.671895
0.0,345,3242.77217
0.0,345,3250.45144
-0.758466,345,3282.461087
-0.268029,345,3289.752901
0.448749,345,3296.921107
-31.156641,345,3305.701522
0.0,345,3313.114471
0.037267,345,3320.351514
-12.445271,345,3327.526184
-6.383294,345,3334.64388
-14.631849,345,3342.045673
-30.934632,345,3350.956789
-0.835341,345,3358.059274
0.0,345,3365.215559
-0.168543,345,3372.486676
-0.92997,345,3379.644853
-13.127508,345,3386.809437
-0.875276,345,3420.342773
-0.440972,345,3427.817428
0.0,345,3434.940674
-1.577558,345,3442.004767
-1.602411,345,3449.052598
-4.166184,345,3456.63194
-60.642535,345,3465.387852
0.0,345,3472.487875
-0.964432,345,3479.566505
-23.968033,345,3486.991857
-3.121258,345,3494.234348
0.0,345,3501.577621
1.410309,345,3510.365206
-0.461312,345,3518.167594
-3.290537,345,3549.865453
-6.244653,345,3556.9859
-3.876484,342,3564.192212
0.0,345,3573.034483
-3.544744,345,3580.339538
-6.598614,345,3587.760512
0.0,345,3594.967702
0.0,345,3602.183175
-68.444689,345,3609.6499
-0.973786,345,3618.582037
-0.962151,345,3625.888925
-7.272489,345,3633.020271
0.0,345,3640.735955
0.0,345,3647.923939
-0.319566,345,3655.106866
-15.866431,345,3688.399435
0.053218,345,3695.57234
-0.690735,345,3703.031528
0.0,345,3710.191264
0.011442,345,3717.417786
-0.00823,345,3724.589223
-88.324016,345,3733.691044
2.348318,345,3740.887214
0.019965,345,3748.058047
-11.490381,345,3755.210216
0.0,345,3762.62225
-4.245841,345,3769.970749
-2.163904,345,3778.731624
0.0,345,3785.762314
0.0,345,3817.916181
0.0,345,3825.141312
-19.813825,345,3832.331549
-2.982103,345,3839.359257
0.011492,345,3848.439217
-1.614042,345,3855.631662
0.0,345,3862.841093
-2.533573,345,3870.118351
0.911871,345,3877.683832
0.032893,345,3884.840928
-0.402937,345,3893.673205
-0.601375,345,3900.898139
-7.426095,345,3908.355558
-0.363666,345,3915.451749
0.0,345,3922.636662
0.0,345,3954.359377
0.0,345,3963.051595
-164.18026,345,3970.399381
-4.903147,345,3977.669736
0.0,345,3984.931551
-17.873124,345,3992.094148
-9.119827,345,3999.723754
-0.144249,345,4008.604945
0.0,345,4015.710098
-2.589672,345,4022.816573
0.0,345,4030.353795
0.0,345,4037.477623
-13.327712,345,4044.748829
0.0,345,4053.526432
0.0,345,4085.389519
0.0,345,4092.80427
0.0,345,4099.888944
0.0,345,4107.077819
-0.92997,345,4114.257916
0.0,345,4123.06955
0.0,345,4130.122768
0.0,345,4137.566491
-9.219646,345,4144.712412
0.0,345,4152.18166
-8.229687,345,4159.367301
0.0,345,4168.21827
-45.314206,345,4175.522192
-3.552045,345,4184.544684
0.565797,345,4192.793955
0.021315,345,4224.597376
-33.545014,345,4231.717402
-5.248968,345,4241.000102
-22.331182,345,4248.131671
-0.272702,345,4255.371463
-0.248648,345,4262.527944
0.0,345,4269.96447
0.0,345,4277.175921
-4.43092,345,4286.050045
0.0,345,4293.202623
0.0,345,4300.652594
0.0,345,4307.762896
-0.372163,345,4315.143992
0.0,345,4322.542486
-61.193394,345,4356.301552
0.0,345,4363.620176
-6.231513,345,4371.05273
-10.595091,345,4378.238534
-15.390344,345,4385.377795
-2.495076,345,4392.81645
0.0,345,4401.517569
0.0,345,4408.71609
0.03066,345,4415.799228
0.0,345,4423.500037
-1.050069,345,4430.564611
0.0,345,4439.266222
-0.332407,345,4446.349484
0.0,345,4453.812789
-4.386513,345,4461.062615
-51.345185,345,4492.683262
-0.04022,345,4500.044692
-9.954115,345,4509.009443
0.044308,345,4516.213665
-0.004216,345,4523.393459
0.018866,345,4530.581808
0.0,345,4537.874162
-21.418745,345,4544.984323
0.0,345,4554.165474
0.0,345,4561.199937
-28.536635,345,4568.617584
0.102427,345,4575.773958
-1.478555,345,4583.012876
0.0,345,4590.134381
0.0,345,4623.626564
0.0,345,4631.086706
-13.999418,345,4638.339278
-22.755539,345,4645.526347
0.0,345,4652.673204
0.0,345,4660.092876
-5.112762,345,4668.845248
0.0,345,4675.967349
0.0,345,4683.36628
0.0,345,4690.752057
0.0,345,4698.051916
-20.85127,345,4705.40113
-4.834453,345,4713.973792
-4.366898,345,4721.408458
0.032459,345,4728.534294
0.0,345,4762.972858
-5.706694,345,4770.562655
-5.563474,345,4778.086502
0.0,345,4787.017215
-5.106128,345,4794.512949
0.0,345,4801.71839
0.0,345,4809.164646
0.0,345,4816.223847
0.0,345,4823.566117
0.0,345,4832.242695
-27.095414,345,4839.636626
-4.397122,345,4846.840693
0.0,345,4854.047212
0.0,345,4861.226805
0.0,345,4893.269666
0.0,345,4902.097143
0.0,345,4909.23663
0.0,345,4916.558486
-17.329761,345,4923.77779
0.0,345,4931.260572
0.0,345,4938.490943
-2.515566,345,4947.431545
0.057498,345,4954.6085
0.0,345,4962.1741
0.0,345,4969.293812
0.0,345,4976.403962
-46.388344,345,4983.445953
0.0,345,4992.448919
0.0,345,4999.470096
0.0,345,5031.364546
0.0,345,5038.547068
0.0,345,5045.797202
-0.765065,345,5053.403026
0.0,345,5062.161861
-5.711127,39,5063.148903
0.0,345,5070.419686
0.0,345,5078.034312
0.0,345,5085.241043
0.0,345,5092.454487
0.0,345,5099.886285
0.013159,345,5109.084041
0.0,345,5116.328256
0.015632,345,5123.50404
-4.285082,345,5130.767745
-1.965372,345,5162.526828
0.0,345,5169.874073
-0.056574,345,5178.680362
0.0,345,5185.88868
-4.1387,345,5193.176512
0.0,345,5200.717587
0.0,345,5207.809319
-40.236399,345,5216.977637
0.007931,345,5224.224778
0.0,345,5232.080498
0.057965,345,5239.235059
0.0,345,5246.582322
0.0,345,5253.754222
0.0,345,5262.926131
-0.041792,345,5270.162867
0.0,345,5302.163318
0.01051,345,5309.476422
-99.266055,345,5316.644017
0.0,345,5324.392533
0.0,345,5333.159578
0.0,345,5340.430155
0.0,345,5347.877416
0.0,345,5355.010303
0.0,345,5362.36781
0.0,345,5369.554437
0.005691,345,5378.707209
0.0,345,5385.966613
0.0,345,5393.093749
0.0,345,5400.234365
0.0,345,5432.291903
0.0,345,5440.048573
0.0,345,5448.833644
0.0,345,5456.057386
0.0,345,5463.424313
-17.320585,345,5470.841055
0.0,345,5478.04535
0.0,345,5485.240866
0.0,345,5494.288828
0.0,345,5501.814682
0.0,345,5508.997559
-20.5231,345,5516.139467
0.0,345,5523.25959
0.0,345,5530.781768
-7.051608,345,5539.586519
0.0,345,5571.233716
0.0,345,5578.497548
0.0,345,5585.567223
0.0,345,5592.960837
0.0,345,5600.632204
0.0,345,5609.60388
-1.251377,345,5616.867496
0.0,342,5624.28014
0.554125,345,5631.563266
0.0,345,5638.857067
0.0,345,5646.320129
0.0,345,5655.53393
0.0,345,5662.822268
0.0,345,5669.988693
0.0,345,5701.908281
0.0,345,5709.481802
0.0,345,5716.685982
-1.386899,345,5725.367472
0.0,345,5732.549834
0.0,345,5740.016683
0.0,345,5747.176453
0.0,345,5754.33794
0.168014,345,5761.757429
-4.258676,345,5770.888201
0.0,345,5778.301639
-1.3502,345,5785.614882
0.0,345,5792.753079
0.0,345,5800.307274
-12.189759,345,5807.484871
0.0,345,5840.944084
0.0,345,5848.093634
0.0,345,5855.209031
0.03066,345,5862.812127
0.0,345,5870.054574
0.0,345,5877.285842
0.63204,345,5886.18353
0.0,345,5893.733187
0.0,345,5900.920972
0.057437,345,5908.14116
0.0,345,5915.231701
0.09091,345,5923.023824
0.0,345,5931.910261
-1.257504,345,5939.147717
0.0,345,5971.311652
0.000305,345,5978.824
0.0,345,5986.05958
0.0,345,5993.307588
-1.554615,345,6002.192895
0.0,345,6009.930537
0.0,345,6017.099302
-1.285406,345,6024.339324
0.0,345,6031.535509
-2.179991,345,6039.032073
0.0,345,6047.69296
-3.732223,345,6054.963131
0.0,345,6062.082206
0.0,345,6069.592399
-5.875125,345,6076.930492
0.0,345,6110.349616
0.027551,345,6117.417494
0.220854,345,6124.580269
0.0,345,6132.009981
0.0,345,6139.297472
-0.037927,345,6146.881805
0.0,345,6155.614375
-5.028415,345,6163.199609
-8.843398,345,6170.418041
0.0,345,6177.664697
0.0,345,6184.774676
0.0,345,6192.514824
0.0,345,6201.455501
-3.652098,345,6208.682754
-0.185743,345,6240.711051
-65.898109,345,6248.113898
0.0,345,6255.249752
-5.269359,345,6262.486747
-17.657626,345,6271.327965
0.08767,345,6278.862782
0.0,345,6286.010532
0.0,345,6293.298682
-22.264009,345,6300.483167
-146.086825,342,6307.767512
-2.118442,345,6316.729153
-2.241649,345,6324.059049
0.0,345,6331.562867
-13.945793,345,6339.043627
0.0,345,6346.299875
0.0,345,6377.936396
0.009181,345,6386.760492
-9.729282,345,6394.091031
-27.157237,345,6401.694298
-3.22912,345,6408.781815
-0.503791,345,6416.090652
-8.26507,345,6423.380122
0.0,345,6432.344199
-5.761381,345,6439.589558
0.071079,345,6446.817515
0.0,345,6454.049807
0.0,345,6461.467814
0.0,345,6468.62878
-118.208363,345,6477.417711
0.0,345,6509.454463
0.0,345,6516.746723
0.041132,345,6524.225171
-16.049658,345,6531.363059
0.0,345,6538.783225
0.0,345,6547.800062
0.0,345,6555.31258
0.0,345,6562.573816
0.0,345,6569.839553
0.0,345,6577.266023
-39.907975,345,6584.591984
0.0,345,6593.393965
0.0,345,6600.625283
-0.327105,345,6608.081925
0.112375,345,6615.303143
-15.581085,345,6642.259712
0.0,345,6649.645513
0.009519,345,6658.586697
-8.427465,345,6665.746433
-2.640805,345,6673.164668
0.0,345,6680.254719
0.0,345,6687.407548
0.0,345,6694.94961
-0.632061,345,6703.84369
0.0,345,6711.147195
0.0,345,6718.527732
0.121028,345,6725.789368
-7.923789,345,6733.311757
-23.956968,345,6740.798244
0.0,345,6774.362575
0.0,345,6781.531429
0.0,342,6788.794016
0.0,345,6795.933527
0.0,345,6803.131194
0.007931,345,6810.287801
