episode,date,pnl,max_drawdown,peak_pnl,trades,investment,total_reward,return_pct
1,2025-01-01,1053.0,15.88,1053.0,345,14544.012706952935,1.0451,7.2401
2,2025-01-02,0.0,0.0,0.0,345,1000000.0,0.0,0.0
3,2025-01-03,884.11,42.14,884.11,345,12955.089220911714,0.863,6.8244
4,2025-01-06,0.0,0.0,0.0,345,1000000.0,0.0,0.0
5,2025-01-07,0.0,0.0,0.0,345,1000000.0,0.0,0.0
6,2025-01-08,1087.53,2204.93,1087.53,345,14483.307075461653,-25.1078,7.5089
7,2025-01-09,545.23,98.33,545.23,345,14202.960156973722,0.4961,3.8389
8,2025-01-10,359.74,0.0,359.74,345,12947.95001786606,0.3597,2.7784
9,2025-01-13,679.05,919.0,679.05,345,7530.782859997089,-1.8444,9.017
10,2025-01-14,0.0,0.0,0.0,345,1000000.0,0.0,0.0
11,2025-01-15,0.0,0.0,0.0,345,1000000.0,0.0,0.0
12,2025-01-16,876.96,454.8,876.96,345,13305.606209574808,-0.0007,6.5909
13,2025-01-17,720.75,606.08,720.75,345,12506.636566522911,-0.3339,5.763
14,2025-01-20,430.84,0.0,430.84,345,7865.758430500091,0.4308,5.4774
15,2025-01-21,1378.8,0.0,1378.8,345,5443.042744241166,1.3788,25.3313
16,2025-01-22,0.0,0.0,0.0,345,1000000.0,0.0,0.0
17,2025-01-23,301.58,0.0,301.58,345,13925.435188329539,0.3016,2.1657
18,2025-01-24,1223.87,276.51,1223.87,345,12215.213623803038,0.8274,10.0193
19,2025-01-27,0.0,0.0,0.0,345,1000000.0,0.0,0.0
20,2025-01-28,0.0,0.0,0.0,345,1000000.0,0.0,0.0
21,2025-01-29,0.0,0.0,0.0,345,1000000.0,0.0,0.0
22,2025-01-30,0.0,0.0,0.0,345,1000000.0,0.0,0.0
23,2025-01-31,370.28,206.43,370.28,345,12888.285359692418,0.1791,2.873
24,2025-02-01,1594.78,3393.07,1594.78,345,11157.97556006387,-110.6958,14.2927
25,2025-02-03,879.93,335.64,879.93,345,7561.084019275722,0.616,11.6376
26,2025-02-04,0.0,0.0,0.0,345,1000000.0,0.0,0.0
27,2025-02-05,0.0,0.0,0.0,345,1000000.0,0.0,0.0
28,2025-02-06,0.0,0.0,0.0,345,1000000.0,0.0,0.0
29,2025-02-07,0.0,0.0,0.0,345,1000000.0,0.0,0.0
30,2025-02-10,0.0,0.0,0.0,345,1000000.0,0.0,0.0
31,2025-02-11,0.0,0.0,0.0,345,1000000.0,0.0,0.0
32,2025-02-12,0.0,0.0,0.0,345,1000000.0,0.0,0.0
33,2025-02-13,301.59,5611.22,301.59,345,13030.676616973642,-561.515,2.3144
34,2025-02-14,985.42,298.48,985.42,345,12074.322187314056,0.7588,8.1613
35,2025-02-17,1611.74,0.0,1611.74,345,7578.530216563968,1.6117,21.2672
36,2025-02-18,0.0,0.0,0.0,345,1000000.0,0.0,0.0
37,2025-02-19,0.0,0.0,0.0,345,1000000.0,0.0,0.0
38,2025-02-20,-3237.59,3907.98,628.03,345,12955.177541365947,-461.5961,-24.9907
39,2025-02-21,0.0,0.0,0.0,345,1000000.0,0.0,0.0
40,2025-02-24,1064.69,293.82,1064.69,345,7302.581721932074,0.7846,14.5797
41,2025-02-25,-4176.37,4176.37,0.0,345,4176.365096728147,-409.7626,-100.0
42,2025-02-27,0.0,0.0,0.0,345,1000000.0,0.0,0.0
43,2025-02-28,377.03,0.0,377.03,345,12260.686065375512,0.377,3.0751
44,2025-03-03,0.0,0.0,0.0,345,1000000.0,0.0,0.0
45,2025-03-04,0.0,0.0,0.0,345,1000000.0,0.0,0.0
46,2025-03-05,0.0,0.0,0.0,345,1000000.0,0.0,0.0
47,2025-03-06,1168.48,243.13,1168.48,345,12626.251436533812,1.0469,9.2544
48,2025-03-07,693.35,0.0,693.35,345,11944.056766956464,0.6933,5.805
49,2025-03-10,0.0,0.0,0.0,345,1000000.0,0.0,0.0
50,2025-03-11,-3690.91,4873.07,571.64,323,18600.839868474097,-639.1547,-19.8427
51,2025-03-12,0.0,0.0,0.0,345,1000000.0,0.0,0.0
52,2025-03-13,0.0,0.0,0.0,345,1000000.0,0.0,0.0
53,2025-03-17,960.61,947.27,960.61,345,6822.208465585754,-6.0056,14.0807
54,2025-03-18,0.0,0.0,0.0,345,1000000.0,0.0,0.0
55,2025-03-19,764.22,705.79,764.22,345,14150.399334334907,-0.0308,5.4007
56,2025-03-20,0.0,0.0,0.0,345,1000000.0,0.0,0.0
57,2025-03-21,0.0,0.0,0.0,345,1000000.0,0.0,0.0
58,2025-03-24,0.0,0.0,0.0,345,1000000.0,0.0,0.0
59,2025-03-25,684.79,3402.56,684.79,345,5102.720781605603,-83.6213,13.4202
60,2025-03-26,0.0,0.0,0.0,345,1000000.0,0.0,0.0
61,2025-03-27,932.68,350.16,932.68,345,13483.14084982062,0.7228,6.9174
62,2025-03-28,0.0,0.0,0.0,345,1000000.0,0.0,0.0
63,2025-04-01,0.0,0.0,0.0,345,1000000.0,0.0,0.0
64,2025-04-02,0.0,0.0,0.0,345,1000000.0,0.0,0.0
65,2025-04-03,-998.0,2624.84,732.89,345,13086.642414611151,-318.913,-7.6261
66,2025-04-04,0.0,0.0,0.0,345,1000000.0,0.0,0.0
67,2025-04-07,0.0,0.0,0.0,345,1000000.0,0.0,0.0
68,2025-04-08,1444.76,233.04,1444.76,345,4488.288968289044,1.2988,32.1896
69,2025-04-09,0.0,0.0,0.0,345,1000000.0,0.0,0.0
70,2025-04-11,0.0,0.0,0.0,345,1000000.0,0.0,0.0
71,2025-04-15,0.0,0.0,0.0,345,1000000.0,0.0,0.0
72,2025-04-16,504.25,1281.61,504.25,345,14784.78683008193,-16.7587,3.4106
73,2025-04-17,0.0,0.0,0.0,345,1000000.0,0.0,0.0
74,2025-04-21,-6362.06,6534.5,0.0,345,7694.957010148255,-901.2566,-82.6783
75,2025-04-22,-4852.45,4852.45,0.0,340,4852.446009129924,-536.9762,-100.0
76,2025-04-23,0.0,0.0,0.0,345,1000000.0,0.0,0.0
77,2025-04-24,0.0,0.0,0.0,345,1000000.0,0.0,0.0
78,2025-04-25,0.0,0.0,0.0,345,1000000.0,0.0,0.0
79,2025-04-28,-6464.65,6501.97,0.0,345,7818.421630930106,-845.1982,-82.6849
80,2025-04-29,0.0,0.0,0.0,345,1000000.0,0.0,0.0
81,2025-04-30,785.56,1974.58,785.56,345,15272.82193983965,-26.7916,5.1435
82,2025-05-02,461.95,0.0,461.95,345,13548.15332017156,0.462,3.4097
83,2025-05-05,1249.01,0.0,1249.01,345,7518.294971860587,1.249,16.613
84,2025-05-06,868.03,1100.89,868.03,345,5048.562024815965,-5.4378,17.1936
85,2025-05-07,336.05,880.64,336.05,345,15639.206983891427,-1.2217,2.1488
86,2025-05-08,0.0,0.0,0.0,345,1000000.0,0.0,0.0
87,2025-05-09,0.0,0.0,0.0,345,1000000.0,0.0,0.0
88,2025-05-12,0.0,0.0,0.0,345,1000000.0,0.0,0.0
89,2025-05-13,1833.0,0.0,1833.0,345,4743.321707098994,1.833,38.6438
90,2025-05-14,0.0,0.0,0.0,345,1000000.0,0.0,0.0
91,2025-05-15,0.0,0.0,0.0,345,1000000.0,0.0,0.0
92,2025-05-16,0.0,0.0,0.0,345,1000000.0,0.0,0.0
93,2025-05-19,792.28,402.91,792.28,345,8179.216085358848,0.5352,9.6864
94,2025-05-20,834.99,1033.73,834.99,345,5486.7385527019,-2.4928,15.2183
95,2025-05-21,-168.38,6432.39,0.0,345,16036.610459683516,-373.7081,-1.0499
96,2025-05-22,0.0,0.0,0.0,345,1000000.0,0.0,0.0
97,2025-05-23,0.0,0.0,0.0,345,1000000.0,0.0,0.0
98,2025-05-26,1138.34,1436.21,1138.34,345,7753.332267611995,-13.8607,14.6819
99,2025-05-27,0.0,0.0,0.0,345,1000000.0,0.0,0.0
100,2025-05-28,0.0,0.0,0.0,345,1000000.0,0.0,0.0
101,2025-05-29,393.85,249.6,393.85,345,14857.553032513397,0.2691,2.6508
102,2025-05-30,621.46,964.96,621.46,345,13295.893387586057,-0.2907,4.6741
103,2025-06-02,0.0,0.0,0.0,345,1000000.0,0.0,0.0
104,2025-06-03,-18.43,3790.74,0.0,345,5719.144031277392,-95.7373,-0.3222
105,2025-06-04,0.0,0.0,0.0,345,1000000.0,0.0,0.0
106,2025-06-05,0.0,0.0,0.0,345,1000000.0,0.0,0.0
107,2025-06-06,574.93,5.21,574.93,345,13484.869188139555,0.5723,4.2635
108,2025-06-09,0.0,0.0,0.0,345,1000000.0,0.0,0.0
109,2025-06-10,0.0,0.0,0.0,345,1000000.0,0.0,0.0
110,2025-06-11,502.86,379.72,502.86,345,15902.05773318603,-0.0837,3.1622
111,2025-06-12,0.0,0.0,0.0,345,1000000.0,0.0,0.0
112,2025-06-13,214.8,127.2,214.8,345,13676.826234904684,0.1512,1.5705
113,2025-06-16,0.0,0.0,0.0,345,1000000.0,0.0,0.0
114,2025-06-17,0.0,0.0,0.0,345,1000000.0,0.0,0.0
115,2025-06-18,0.0,0.0,0.0,345,1000000.0,0.0,0.0
116,2025-06-19,0.0,0.0,0.0,345,1000000.0,0.0,0.0
117,2025-06-20,-8103.36,9020.59,673.33,345,12983.872628379004,-1028.9277,-62.411
118,2025-06-23,0.0,0.0,0.0,345,1000000.0,0.0,0.0
119,2025-06-24,0.0,0.0,0.0,345,1000000.0,0.0,0.0
120,2025-06-25,0.0,0.0,0.0,345,1000000.0,0.0,0.0
121,2025-06-26,0.0,0.0,0.0,345,1000000.0,0.0,0.0
122,2025-06-27,-4678.83,4723.2,4.82,345,13752.944778779192,-523.6498,-34.0206
123,2025-06-30,0.0,0.0,0.0,345,1000000.0,0.0,0.0
124,2025-07-01,0.0,0.0,0.0,345,1000000.0,0.0,0.0
125,2025-07-02,0.0,0.0,0.0,345,1000000.0,0.0,0.0
126,2025-07-03,-54.68,4933.26,0.0,345,14647.915707323,-438.878,-0.3733
127,2025-07-04,41.5,0.0,41.5,345,14240.563948891895,0.0415,0.2914
128,2025-07-07,-2772.52,3557.19,664.29,345,7751.54501254915,-298.5828,-35.7674
129,2025-07-08,0.0,0.0,0.0,345,1000000.0,0.0,0.0
130,2025-07-09,0.0,0.0,0.0,345,1000000.0,0.0,0.0
131,2025-07-10,1166.29,673.73,1166.29,345,14428.549165317509,-2.1058,8.0832
132,2025-07-11,0.0,0.0,0.0,345,1000000.0,0.0,0.0
133,2025-07-14,0.0,0.0,0.0,345,1000000.0,0.0,0.0
134,2025-07-15,1037.87,338.73,1037.87,345,5133.442900181353,0.5987,20.2179
135,2025-07-16,-3107.04,4714.58,528.7,345,15596.04075503994,-387.3691,-19.922
136,2025-07-17,0.0,0.0,0.0,345,1000000.0,0.0,0.0
137,2025-07-18,0.0,0.0,0.0,345,1000000.0,0.0,0.0
138,2025-07-21,117.58,0.0,117.58,345,8816.89437146997,0.1176,1.3336
139,2025-07-22,604.2,453.1,604.2,345,5611.018352810152,-0.0769,10.7681
140,2025-07-23,356.13,0.0,356.13,345,16346.45647496286,0.3561,2.1786
141,2025-07-24,0.0,0.0,0.0,345,1000000.0,0.0,0.0
142,2025-07-25,0.0,0.0,0.0,345,1000000.0,0.0,0.0
