#{"t_start": 1774374591.5767727, "env_id": "None"}
r,l,t
-353.316528,1470,28.216411
-210.745553,1470,51.557918
-143.877576,1470,75.027428
192.860642,1470,149.053495
8.852704,1470,173.46715
-351.302875,1470,197.921943
64.324118,1470,267.059781
-309.193581,1095,284.323205
-178.618502,1470,309.21497
-265.196816,1470,334.020347
-194.751829,1095,401.874162
61.291281,1468,426.722733
198.888983,1470,451.987268
-243.393703,1470,477.607226
200.105258,1469,550.050969
284.959803,1470,575.370625
-377.061488,1470,600.658432
-88.303387,1470,670.349943
28.510771,1470,695.423911
-12.845975,1095,714.336729
-253.206093,1470,739.802688
-268.702493,1470,814.523929
-43.63951,1470,839.861037
66.920479,1470,865.294261
97.400488,1470,937.825619
-39.150222,1470,963.155123
117.643753,1470,988.479694
57.443504,1095,1007.518872
-193.946007,1470,1080.3422
-371.008548,1470,1105.867947
-262.125606,1470,1131.029797
-196.760127,1470,1200.651414
63.447816,1470,1226.134546
-336.277991,1470,1251.36332
-286.499846,1470,1276.874993
-149.553094,1149,1344.772135
315.423446,1470,1369.901482
-294.794762,1470,1395.581413
-230.09455,1470,1462.901749
112.374639,1470,1488.517188
36.281399,1470,1514.295824
-235.693938,1469,1539.837235
19.355648,1095,1605.827675
218.213432,1110,1625.370818
532.756494,1470,1650.383849
-192.493702,1470,1723.357107
412.113703,1470,1748.737179
94.331369,1470,1774.419602
51.09807,1470,1800.1894
-245.103934,1467,1875.323715
20.87042,1470,1901.219718
-51.74537,1470,1926.371041
95.389261,1470,1996.44668
163.718349,1470,2022.135969
531.813804,1470,2047.773673
-208.12809,1469,2073.04799
-368.23573,1470,2148.860784
142.011025,1470,2174.147911
-196.760127,1470,2199.542479
-211.644265,1470,2269.311197
-336.089415,1470,2294.934841
-228.385506,1467,2320.136854
-215.810731,1469,2395.235493
-273.010927,1470,2420.280302
176.352193,1095,2439.044406
-351.271866,1470,2464.07127
-37.036066,1470,2531.412749
-115.734837,1470,2556.430059
-347.056356,1470,2581.346984
409.763991,1470,2606.694799
172.248885,1470,2681.655634
-117.268125,1470,2707.134713
-232.604029,1470,2732.628214
-177.961585,1530,2808.782772
853.535105,1469,2834.202852
-264.892862,1470,2859.550442
-252.532773,1470,2935.142335
231.953255,1470,2960.546559
-185.706468,1470,2986.145131
-203.760097,1110,3005.056787
111.318846,1470,3079.931616
-165.615067,1470,3105.324807
-178.123854,1470,3131.10912
-180.227447,1110,3151.127522
-104.611982,1470,3221.768135
161.329339,1470,3247.367044
224.745888,1470,3272.96672
-373.879307,1470,3347.787871
95.391261,1470,3373.214485
-40.650781,1470,3398.675254
78.807577,1470,3470.861128
1011.649857,1469,3496.454981
-60.099665,1095,3515.202237
-72.320214,1470,3540.624055
-224.88636,1470,3612.643118
-297.626252,1470,3638.134569
-14.706627,1470,3663.755883
208.457725,1095,3682.986969
-295.886059,1470,3757.427897
-34.309932,1470,3783.114855
315.423446,1470,3808.190596
-180.227447,1110,3875.883898
-172.544626,1463,3901.251523
-41.555878,1470,3926.932643
-176.94283,1470,3952.192839
-324.989726,1470,4024.725713
-243.440424,1470,4050.595715
-308.184853,1470,4076.057247
27.837158,1470,4151.129226
-291.774922,1470,4176.421733
-20.250896,1470,4202.101053
283.782926,1470,4227.337584
-233.691982,1470,4297.90441
-0.571462,1095,4317.490511
-162.323138,1470,4342.845067
145.322663,1470,4415.502691
-105.297325,1095,4435.208804
-56.285615,1470,4460.629893
94.176829,1470,4485.922616
-57.855343,1470,4560.958109
181.707249,735,4573.168068
-247.266275,1470,4598.6832
158.796472,1095,4618.321325
-231.259012,1470,4686.109485
-294.504083,1470,4711.456901
-145.743843,1470,4736.848527
-215.217689,1470,4807.755988
61.680866,1110,4827.246973
-192.251791,1470,4852.737379
-153.535379,1470,4878.214467
-379.837125,1470,4948.987667
-288.113353,1470,4974.416964
-110.293452,1845,5006.171558
-323.825308,1470,5079.173377
-153.161737,1149,5099.30466
-65.165032,1095,5118.547624
-375.228297,1470,5143.802905
2.295104,1470,5216.626908
-349.802875,1470,5242.26743
-185.04557,1470,5267.488152
-268.471135,1470,5340.245216
-315.480272,1470,5365.514377
-107.268427,1470,5391.221396
95.270625,1470,5416.602918
-315.480272,1470,5491.654506
-107.564104,1470,5516.939883
-219.648091,1470,5542.425844
-127.101393,1470,5614.807113
-243.329733,1095,5634.329842
1630.5571,1470,5659.650549
-137.645144,1110,5678.887356
52.461808,1470,5754.008778
-153.443677,1470,5779.567245
-266.369634,1470,5804.84875
-292.401561,1470,5830.069721
58.733963,1470,5905.56692
-424.01374,1470,5930.683013
-108.612135,1470,5956.513152
-258.539578,1470,6031.442376
-91.235739,1110,6050.599065
-224.031807,1470,6076.261719
257.642884,1470,6101.983486
29.120843,1470,6177.20823
-77.123742,1470,6202.781659
-105.654089,1110,6222.238254
361.62713,1470,6295.107625
-34.814629,1470,6320.578362
-112.468028,1470,6346.04628
-299.45257,1530,6373.031258
-4.62657,1470,6445.772507
-250.167787,1095,6464.710459
-163.958874,1470,6490.165762
-244.042917,1470,6565.38532
-104.700107,1470,6591.092423
-41.071113,1470,6616.574473
143.145545,1470,6641.916363
36.222001,1470,6714.826414
266.393256,735,6728.035414
-5.031255,1470,6753.423935
-292.401561,1470,6778.777253
403.025807,1470,6846.595702
-15.48972,1095,6865.0473
-142.669383,1095,6884.333986
250.188536,1470,6909.771864
-100.477347,1470,6982.387353
-203.586374,1470,7008.254872
-387.11182,1470,7033.638457
-77.267293,1470,7103.34924
-263.626686,1467,7128.962031
71.998015,1470,7154.364763
-127.845856,1470,7226.555089
-110.632664,1470,7252.107637
1710.593604,1470,7278.009919
17.132568,1470,7303.487019
-484.566661,1095,7372.863566
198.524503,1470,7398.254411
-124.193652,1470,7423.901383
297.628069,1110,7443.37711
-129.459306,1470,7518.552428
-162.690966,1470,7544.32873
50.603359,1470,7569.708906
-276.151559,1470,7644.927982
-122.418387,1470,7670.395827
-124.825725,1470,7696.034487
404.837251,1470,7766.088874
-21.338053,1470,7791.156831
693.84258,1470,7816.897575
64.993388,1095,7835.506008
-22.735681,1470,7911.099232
-66.116598,1095,7930.063891
-458.728722,1470,7955.582596
-98.959913,1470,7980.962826
-57.660725,1470,8056.215641
-256.105084,1470,8081.76802
-343.55193,1470,8106.962389
-147.055772,1470,8176.980266
-53.220696,1470,8202.584253
-343.147351,1470,8228.321581
-229.613471,1470,8253.468006
-178.674905,1469,8325.843405
438.127843,1470,8351.336284
-208.448444,1470,8376.742138
-74.50187,1470,8449.391524
-167.425133,1470,8474.827761
1710.593604,1470,8500.169489
-77.264077,1470,8572.859888
181.002713,1470,8598.352687
-121.425493,1470,8623.954649
-281.581267,1467,8649.31242
34.6101,1470,8724.33081
-45.334122,1095,8743.689123
-214.368066,1470,8769.128507
69.843738,1095,8788.486779
-266.822718,1470,8859.841453
-104.134066,1470,8885.076644
176.448553,1470,8910.522385
-261.35107,1470,8980.664996
176.623941,1470,9005.949934
-147.542229,1470,9031.555897
-78.607025,1470,9106.51543
-58.589105,1470,9131.949692
117.318227,1110,9151.360554
121.900587,1095,9170.058208
76.301117,1845,9249.400283
-109.754315,1470,9274.796742
117.318227,1110,9294.321404
-237.053935,1095,9313.554595
-64.991051,1095,9381.947079
15.188066,1470,9407.607233
-166.778742,1470,9433.083127
-36.79619,1470,9458.745776
-280.730206,1470,9532.161328
-39.218359,1470,9557.691964
755.534866,1469,9583.358147
-39.615606,1470,9653.389647
-258.640355,1470,9679.155403
-178.226151,1470,9704.820756
58.951535,1170,9724.990797
-35.354487,1470,9801.12242
56.371276,1470,9826.48997
-115.882372,1470,9852.057247
-54.269626,1470,9927.931306
181.637875,1470,9953.520387
-342.224729,1470,9979.152729
-124.994905,1470,10051.651757
-275.319757,1470,10076.94346
-159.865612,1470,10102.502121
-251.397223,1470,10127.94983
-561.21706,1470,10200.404818
-300.063522,1470,10225.974369
-135.816986,1470,10251.517308
213.681269,1470,10323.44176
828.692414,1469,10348.887843
97.700927,1470,10374.25973
183.966968,1470,10400.168801
-51.906034,1470,10475.274855
-86.047543,1470,10501.010272
-164.373115,1470,10526.54568
-106.471063,1470,10593.875074
-200.36377,1470,10618.92522
79.284413,1470,10644.29731
36.590976,1095,10663.021041
-1.853917,1095,10731.979985
-90.796373,1470,10757.403114
-123.543835,1470,10782.994124
-409.641797,1470,10857.93821
-269.428943,1470,10883.29749
-294.705895,1470,10908.723488
7.266185,1470,10934.299771
658.687993,1469,11006.484921
-381.355634,1470,11031.717358
332.410618,1470,11056.913536
-94.803612,1470,11127.406242
-354.484037,1470,11153.042913
-348.919484,1470,11178.220589
-52.891202,1110,11197.62409
438.127843,1470,11272.812674
755.549227,1469,11298.292659
-443.335757,1470,11323.775707
80.153267,1470,11396.557844
-75.384739,1470,11421.886826
-218.200336,1470,11447.432391
-78.593808,1470,11473.296921
90.194312,1470,11543.002733
-91.847379,1470,11568.441443
-220.006047,1470,11593.993719
-71.777805,1470,11667.254524
225.21271,1470,11692.611318
-127.642422,1470,11718.411652
-676.458608,1470,11791.102577
292.152023,1470,11816.427058
52.371643,1470,11842.070633
-97.515086,1470,11867.496244
339.629115,1470,11940.037258
-168.724184,1470,11965.867223
-10.596578,1470,11991.388749
-99.725642,1470,12066.603311
-135.893114,1470,12092.275256
17.85547,1095,12111.416569
-98.253377,1470,12136.670105
-429.338087,1470,12209.949292
-86.085951,1470,12235.710473
115.608521,1095,12255.199494
-124.045837,1470,12280.29659
-174.866076,1470,12356.349697
-107.977252,1470,12381.810872
-73.678813,1470,12407.287466
-78.593808,1470,12482.666522
333.13902,1470,12507.946807
-143.492813,1470,12533.321075
-42.762084,1470,12608.104055
665.236235,1470,12633.523261
6.751657,1095,12653.257156
-179.066868,1470,12678.740421
404.837251,1470,12751.153423
-183.763047,1470,12776.802211
-265.843249,1470,12802.250912
513.95376,1470,12878.551989
-127.19401,1469,12904.067999
-505.907389,1470,12929.469146
-30.805832,1470,12955.087918
-12.454189,1470,13025.563049
50.530265,1095,13044.45294
-273.358739,1470,13070.193739
-242.182744,1470,13143.074291
404.837251,1470,13168.631029
-79.385956,1470,13194.169058
-239.690792,1470,13219.919978
-171.645724,1470,13293.173337
-132.757344,1110,13312.065681
-152.618102,1470,13337.56331
-176.892005,1470,13362.83
230.459709,1470,13436.109668
304.516376,1110,13455.039351
-101.386673,1470,13480.750492
136.669763,1470,13553.3413
-266.300739,1095,13572.300602
-380.786147,1470,13597.978511
365.045469,1470,13623.81012
213.841488,1470,13694.219411
-4.944626,1170,13714.26858
-417.309435,1470,13739.612516
-399.17709,1470,13809.361548
-23.784553,1095,13828.275728
-384.653061,1470,13853.644298
-28.263969,1470,13878.964216
-299.45257,1530,13952.386194
-327.023353,1470,13977.797624
193.46268,1470,14003.439611
-96.644531,1470,14076.155007
-353.906186,1470,14101.739074
-252.163434,1463,14127.071073
-322.833459,1470,14152.585355
170.481854,1110,14219.25604
-167.449072,1470,14244.783913
-102.465642,1110,14264.492602
-322.833459,1470,14289.571986
-168.826181,1110,14355.352836
-70.490577,1470,14380.864109
-160.317136,1470,14406.387895
-229.577613,1470,14478.743078
-290.174553,1467,14504.439551
77.032792,1470,14530.137518
-52.262063,1110,14549.48573
-149.348956,1470,14622.049545
410.482148,1470,14647.697894
77.032792,1470,14673.331612
-157.206887,1470,14740.692351
150.531456,1470,14766.047462
403.270181,1470,14791.398418
289.844115,1470,14816.995232
-82.184951,1470,14884.144626
-29.670532,1468,14909.486196
-62.661603,1470,14935.169123
-327.023353,1470,15002.984147
-284.137689,1470,15028.732418
255.989266,1110,15048.261668
-200.300463,1470,15074.02963
6.241141,1095,15138.472832
-262.31632,1470,15163.717089
-168.441164,1470,15189.464568
-191.912946,1470,15215.037552
146.048763,1095,15279.994606
-102.465642,1110,15299.3026
-111.906373,1470,15324.807124
-168.441164,1470,15394.899203
-200.300463,1470,15420.710805
-278.815584,1470,15445.777802
101.712496,1469,15471.105193
449.154144,1470,15546.547604
-260.084225,1470,15571.803347
-302.651808,1470,15597.310273
170.481854,1110,15617.237543
-27.358525,1468,15690.266278
-361.341361,1470,15715.849193
-153.926353,1470,15741.304473
-290.174553,1467,15813.808746
-322.833459,1470,15839.548893
-252.163434,1463,15864.637422
98.869735,1110,15883.859606
-160.283406,1470,15956.879716
259.440126,1470,15982.661516
-133.875769,1470,16008.250834
-174.679034,1470,16081.409369
-353.906186,1470,16107.239174
-38.862489,1470,16132.740599
-384.653061,1470,16205.031815
-354.171801,1470,16230.392213
-292.192729,1470,16255.905199
119.534903,1470,16281.446345
-92.829576,1470,16356.506335
-135.156923,1470,16382.301729
193.46268,1470,16407.536979
-218.505098,1470,16483.056054
101.793403,1470,16508.533731
11.685739,1095,16527.32315
166.492045,1470,16552.975306
-343.992753,1470,16625.712697
-174.679034,1470,16651.285828
-143.306991,1470,16676.862374
